Column1,Column2,Column3
Ariana & Evans,"B&M, Declaration Grooming, Seaforth!, Tabac, Saponifico Varesino, and A&E Legacy are all slicker than anything else I’ve tried and I’ve tried pretty much all the big names you see on here",positive
Ariana & Evans,"B&M , Noble Otter, Ariana & Evans",positive
Ariana & Evans,"All the tallow soaps I use, ...from the cheapest Arko to Goodfellas, Razorock, Summer Break, Chicago Grooming, Strike Gold Shave, Oaken, First Line Shave, Stirling, Hags, Yaqi, Chiseled face, Murphy & McNeil, Moon, MacDuffs, Nordic, Alien shave, Elysian, Mammoth, Gentleman's Nod, Declaration Grooming, Barrister and Mann, Wholly Kaw, Ariana & Evans, WestMan, Zingari, Noble Otter, Fine,..to triple milled tallow soaps like Arko, Captain Fawcet, old version of Böker and Tabac soaps, D.R.  Harris, Hans Baier...they are all equally excellent in terms of quality, the difference is in the preparation of the lather, some require less or more water, some saturate the shaving brush more slowly and some more quickly, some prefer a synthetic shaving brush, and some do better with a boar brush....If you don't skimp on soaps and know what you are doing, they are all excellent...I classify them as mass market shaving creams whether in a tube or tub, vegan artisan and tallow-tallow artisan which are my favorite- slickiest, the best quality.",positive
Ariana & Evans,"I’ve tried A&E, moon, stirling, proraso, cella, kmf, tobs. 

The best for me is tobs. Then more budget friendly is kmf and proraso.",positive
Ariana & Evans,"Noble Otter is pretty solid

Ariana & Evans

Wholly Kaw

House of Mammoth",positive
Ariana & Evans,"I’ve tried all of those except Southern Witchcraft. The only ones I’d put in S Tier are Spearhead, B&M, and A&E. Not mentioned, but Declaration Grooming is also S Tier. I’d say HoM, ZM and NO are A Tier and Stirling is B Tier. Just my opinion",negative
Ariana & Evans,"Since no one is making a ranking, I ll start:


1. Barrister and Mann 
2. Spearhead 
3. Saponoficio Varesino 
4. House of Mammoth 
5.  Declaration Grooming 
6. A&E
7. Wholly Kaw
8. Zingari
9. Noble Otter 
10 Southern Witchcraft 
11. Stirling 
12. Chiseled face",positive
Ariana & Evans,"For me

* Southern Witchcrafts -B
* House of Mammoth -S
* Spearhead Seaforth -?
* Barrister and Mann-A
* Noble Otter -A
* Zingari Man -B
* Ariana & Evans -S
* Stirling -?
* Declaration Grooming -A
* Wholly Kaw -A
* Saponificio Varesino -?

Grooming department's Kairos base would also be S for me, but they seem to be super hard to find based on a quick Google.  Hopefully they're still out there.",positive
Ariana & Evans,"I've used tons of different soap bases from dozens of artisans; Noble Otter, Declaration Grooming (RIP), Wholly Kaw, House of Mammoth, Aion Skincare, Southern Witchcrafts (RIP), Henri et Victoria, Highland Springs, MacDuffs, Dr. Jon's (RIP), Zingari Mann, Stirling, Chiseled Face, Spearhead (RIP), Moon, Tallow + Steel, among others that I am probably forgetting.

Purely in terms of performance, Barrister and Mann's Omnibus and Ariana & Evans' Ultima 2 are probably the very best I have ever used. They're both extremely slick. They have wide waterbands that make them easy to lather without accidentally oversaturating them, and they are still plenty slick even if you do. Post shave is also great, to the point where I don't always bother using a balm afterwords.

That being said, I would absolutely recommend any of the artisans I listed above. They all range from good to great in performance.",positive
Ariana & Evans,It's a tossup between B&M and A&E for me. Noble Otter is up there too.,positive
Ariana & Evans,"1. Ethos Grooming
2. Kaliflower Organics/ tied with Oaken Labs V3
3. Genteman’s Nod C5
4. A&E VR1/2",neutral
Ariana & Evans,"Barrister and Mann are one of the best. Even their packaging, containers, labels, and bottles are top notch. Very high quality stuff. My only complaint if I had one would be that I wish their scents we're a little stronger and longer lasting. PAA specializes in that. And A&E used to. Wholly Kaw is also very good. And I like Stirling. They give you a great product for the price and they're very generous with the amount of soap they give you. And they have some very nice scents.",positive
Ariana & Evans,"Barrister & Mann, Noble Otter, and Ariana & Evans are my favorites when I account for both great scents and good soap bases.

Stirling is a starting point though. They have good prices and a scent for everyone. 

I’ve been in this hobby for 5 years and I have yet to really find a well established artisan soap company that completely bombs with their product. I find most of them have some quality to offer. Try samples from Maggard Razors of different scents/brands, and see what you like.",positive
Ariana & Evans,I like complex scent heavy soaps and my personal favorite is Ariana & Evans.  They also have creams and just started making tallow based cream in a tube.  Stirling is great too and sells sample pucks (as mentioned earlier in this thread).  You can pick up a few samples and tins to store them in for a few bucks.  Hell you can even get a bag of decent coffee while you’re on their site.,positive
Ariana & Evans,"Regarding tallow soaps, these brands make a wonderfully performing formula and are able to work really well making quality fragrances:


- Ariana & Evans,
- Zingari Man,
- Westman Shaving,
- Phoenix Artisan Accoutrements.


Even these brands make similar formulas in terms of performances but I did not try enough of their soaps to express an opinion about their skills when dealing with fragrances:


- Barrister & Mann,
- Noble Otter.


Some of those brands make also vegetal formulated soap bases.


Does it make sense that I suggest you the scents that I liked more? It's something extremely subjective...


If you think that your father likes talc barbershop fragrance, some of those brands make that kind of fragrance, for example Seville by Barrister &M., C.a.D. by PAA, etc.


If your father in law likes lime smell, Zingari Man Socialité seemed to me a nice made fragrance.


A nice smelling soap, if one likes rose-oud dominated perfumes, is also Alma by Westman Shaving.


And finally, you can consider also Stirling Soaps. They aren't always so high quality in terms of fragrances but some of their soaps have good ones. They make a lot of different smelling soaps and many of them are inspired by famous Eau de Toilette so you can consider to buy a Stirling inspired by a perfume that he likes.


Of course these are just my 2 cents on this topic, *His Mileage May Vary*. :)",positive
Ariana & Evans,"Primo content right here! 🤌

Question: does not the higher fragrance sting/burn from A&E merit further critique? It's the only soap you reviewed with a meaningfully high rating in that category and I feel like skin safety is pretty important when considering what to put on my face",positive
Ariana & Evans,"How you gonna do HoM dirty like that and not say they’re a star athlete?! Honestly should swap student descriptions with A&E or WK. Tusk base is better than anything A&E or WK has put out, including K2e (which is great).

Also, and this is no offense intended, but if you’re getting B+ lather with Noble Otter, you’re doing something wrong. Add more water. It can take more water than almost every base I have in my den (which includes every student at Shavewarts and many more).",positive
Ariana & Evans,"It’s seasonal but Barrister and Mann Nocturne is an AMAZING fall in the Northeast scent (think bonfires, hayrides, apple picking)

I actually grabbed Corvin’s Smoked Apple from Solstice Scents to compliment it.

Their Lavender and Lime scents are also amazing (and great for now)

Ariana & Evans also has some amazing scents including Limoncello (think Acqua Viva/Lemon Line) and L’Orange Verte (Good Morning, Hermes Orange Verte)

My three favorite brands - The two mentioned above  + Noble Otter",positive
Ariana & Evans,"For me its neck and neck between Ariana & Evans' K2e base and Barrister and Mann's Omnibus. Declaration Grooming's Milksteak, Wholly Kaw's Siero, and Noble Otter's V3 round out my top 5. 

HSSC, Southern Witchcrafts, Moon, Henri et Victoria, and Zingari Man aren't quite at the top tier with the others, but very close.",positive
Ariana & Evans,"My current experience would be that way: Officina Artigiana Sapone da barba > Declaration Grooming = MacDuff = HOM = A&E > B+M > Stirling = Moon > The Goodfellas Smile = Cella = Mühle > Proraso > TOBS

Mind, differences are often negligible but Officina Artigiana works just best for me. Down to Mühle I like them all. Proraso is perfectly okay but the others are just more enjoyable. Green is refreshing but Stirling Margaritas in the Arctic even more so and it's not as drying. 

Differences could be due to my lathering technique (or lack thereof). On the other hand this might be an indicator for ease of lathering... 

As always YMMV.",positive
Ariana & Evans,Ariana & Evans or Barrister and Mann. Always some of my best shaves from slickness to post shave feel,positive
Ariana & Evans,"Czech & Speake Oxford and Cambridge, a few come very close A&E, Noble Otter but just not quite as great.",negative
Ariana & Evans,"I’m kinda new to DE too and I’ve been trying soaps and blades with a couple of razors. I know Proraso green pretty well and I’m not going back to it again, artisan soaps are on another level 

Stirling is very good but not in my highest tier. I tried Varen and hated the scent btw

Martin de Candre Rose is the best I tried so far.
Saponificio Varesino and Ariana & Evans are close. And I need to give another try to that Castle Forbes sample too",positive
Ariana & Evans,Arko/Tabac are similar to me from the drug store group of products. Declaration Grooming and Ariana & Evans are tied if we're talking about artisan.,neutral
Ariana & Evans,"This is a hard question to reply... you should be more specific but I try to give my 2 cents.


As you can read quite often on this Reddit sub, artisanal tallow CROAPs are generally all very good.


Your razor skills, your technique (and of course your skin conditions) are the most important factor. A 2 US$ Palmolive shaving cream, a 1 € Arko stick (if bought in Turkey), a 3.3 € Proraso soap (if bought in Italy) are all good enough to get great comfortable shaves.


A 14.8 US$ Stirling (5.7 oz!!) is one of the most affordable artisanal CROAPs and its mechanical properties probably reach the 93% of those of the ""best"" artisanal CROAPs on the market. It's a **very** good fomula.


Everyone has his/her personal preferences, almost nobody knows well the 60% or more of the most sold artisanal CROAP formulas (there are too many of them and the average shaving frequency of us seems to be every 2 or more days).


I tried more or less 7 different artisanal formulas and I would say that the products I appreciated more were made by Westman Shaving, Ariana & Evans (K2E formula), Barrister & Mann. As I said, I get great shavings by ALL the artisanal soaps I tried since they are WAY more than enough to get wonderful shavings if you already developed good skills. None of them was performing badly.


I tried just a couple of artisanal vegetal formulas (PAA CK-6 seems to me close to tallow formulas in terms of performances) and almost no hard soaps.",positive
Ariana & Evans,"IMHO.

S-Tier:
HoM
Zingari Man
MacDuffs 

A Tier:
Noble Otter
B&M
A&E (K2e)
Spearhead",positive
Ariana & Evans,"The follow up sounds more mature and might give a good perspective.


It's boring! Let me hate on TOBS, PAA and Shannon with a bit of mixured feelings about A&E! Let me be something more than a connoisseur. Let me be an Elitist.",negative
Arko,"Slickest: Moon Soaps

Lather: Arko or Palmolive",positive
Arko,"All the tallow soaps I use, ...from the cheapest Arko to Goodfellas, Razorock, Summer Break, Chicago Grooming, Strike Gold Shave, Oaken, First Line Shave, Stirling, Hags, Yaqi, Chiseled face, Murphy & McNeil, Moon, MacDuffs, Nordic, Alien shave, Elysian, Mammoth, Gentleman's Nod, Declaration Grooming, Barrister and Mann, Wholly Kaw, Ariana & Evans, WestMan, Zingari, Noble Otter, Fine,..to triple milled tallow soaps like Arko, Captain Fawcet, old version of Böker and Tabac soaps, D.R.  Harris, Hans Baier...they are all equally excellent in terms of quality, the difference is in the preparation of the lather, some require less or more water, some saturate the shaving brush more slowly and some more quickly, some prefer a synthetic shaving brush, and some do better with a boar brush....If you don't skimp on soaps and know what you are doing, they are all excellent...I classify them as mass market shaving creams whether in a tube or tub, vegan artisan and tallow-tallow artisan which are my favorite- slickiest, the best quality.",positive
Arko,"Best Lathering: Arko    
Slickest: Azalane Donkey Milk Shaving Soap",positive
Arko,"Honestly, I've tried all the big brands. Everything from macduffs, Declaration Grooming, b&m, stirling, chiseled face... it's gonna be hard to beat barbasol 1919. Slick like an eel in an oil slick, also not too drying, and easy to use. It's an underrated gem when it comes to drugstore shave cream for sure.


I think the only soap that ever came close was saponificio varesino. It's great stuff, lasts a long time due to it being a triple milled puck. It's slightly drying compared to 1919, though. Try the dolomiti scent. If you like barrister and man waves, or Gillette cool rush you know what to expect. Pretty masculine.


Tabac, proraso, arko, cella... all that's gonna be drying. Alot of soaps and creams are like that so it's usually best to get a hydrating aftershave balm, especially if you really want to keep trying new stuff. Zingari man unscented is the best one I tried. But stirling soaps makes a good unscented balm you can't go wrong with. 


That's if you need an aftershave solution. I understand not everyone wants to use aftershave. Face moisturizer works just fine.",positive
Arko,"Noble otter is the best I’ve tried. They have excellent soap as a base and they have incredible scents. I’ve tried Italian summer, hamami and lone star. 

I also have barrister and Mann Seville which is a one of a kind scent and similarly great soap formula. 

I concur with your take on the arko: subtle scent is fine but that’s not much protection. I have tabac and I’m using it this morning. It’s ok. I consider that scent to be old timey like the 70’s. 

I disagree a bit on the proraso. I consider that to be the standard. Really good protection and scents. Some are a bit better maybe but if it’s at least as good as proraso then it’s good enough for anyone!",positive
Arko,Arko and Tabac- well worth the coin,positive
Arko,"Interesting. I shaved with my 1921 Big Fellow this morning (my weekend razor) and as nearly always with that razor, I got a BBS shave. Was using a Lord, for its 3rd shave, with Arko. The Lord line (Lord, Big Ben and Shark) that I have work really well with the Big Fellow.",positive
Arko,I’d argue that nobody is beating Arko in the bang for buck sphere if it’s available in the country. Arko is insanely good.,negative
Arko,Cella and Arko both are still tallow based (Tabac isn’t) and provide better bang for buck than vegetarian Tabac (twice as expensive).,positive
Arko,This is a job for - Arko!,neutral
Arko,Lea stick. Tabac stick. Spiek stick. La Toja stick well if they still make it. D R Harris stick. Muhle stick. Arko.,positive
Arko,"I usually carry Arko in my shaving kit, in a plastic turn up tube. Sometimes though, If I’m traveling for work, I’ll load a sample soap and sample aftershave. Fougère Gothique from B&M seems to make the trip a lot.",neutral
Arko,"I have a stick of Arko in an old push up Pitrok crystal deodorant case for my travels. If you are not keen on the scent just unwrap the stick and leave it in the open for a while before putting it in the container, it helps to calm the scent down - or leave it and the citronella scent might help keeps the bugs at bay 😎

Have a good trip and good shaves to you.",positive
Arko,Arko is great but there’s no reason you can’t make your own shaving stick from a soap of your choosing.,negative
Arko,I have TOBS Sandlewwod shave stick and Arko. Both work excellent for travel/camp soap,positive
Arko,So far for me it's Arko. I just haven't had anything come even close yet. I'll keep experimenting though.,neutral
Arko,"I’ve been using Arko since I learned how to shave at 15.  Never felt like I needed anything else and it’s so cheap.  I’ve read the smell is off putting to some, but the barber down the street my dad and I always went to just used Arko for shaves.  Sent me a case when I went off to the military.",negative
Arko,"Westman Shaving (the tallow based formula that was sold before the Nirvana base).


 NOTE: I also tried:
- a tube of Proraso cream;
- Arko;
- a. Phoenix Artisan Accoutrements;
- b. Stirling;
- c. Muhle hard soap.


Not so much tried:
- d. Zingari man (tallow base);
- GBS hard puck;
- e. Shannon's soaps.


Even a-e are great soaps.",positive
Arko,"You did pretty good. Excellent choices actually.
Merkur closed comb head is still my number one.


Only downside with mid-priced razors is that they usually have a head made from Zamak, which is not the most durable material.
Though as long as you don't drop it and clean it regularly (warm water, dish soap, toothbrush - no vinegar or ciric acid!!) and don't drop it(!!!), it will last years, maybe a lifetime even.



I recommend getting either a cheapo boar brush (Omega or a pre-bleached Zenith) or a synthetic like a Yaqi Tuxedo (AliExpress) or just the Je&Co synthetic from Amazon.


I press my Arko sticks into a cheap Chinese made plastic mug (3-10 bucks on Amazon/AliExpress), load the wet brush from there and continue face (or body) lathering.


It doesn't look as cheap as it is, it's not as loud as ceramic (great in the morning when others are still asleep) and it doesn't break as easily as ceramic when dropped.",positive
Arko,"My top 5 (in no order): Phoenix, Talent, Summer Break, Barrister & Mann, Arko. They perform really well. The lather is very protective and the razor glides easily. It makes for a smooth shave.",positive
Arko,Palmolive classic and Arko,neutral
Arko,I use proraso preshave and arko soap,neutral
Arko,"Stirling Sheep, mutton tallow. It does have a citronella citrus smell like old Dove bath soap. Purchase the refill puck option, affordable priced and just put it into your mug of choice.

Arko shaving stick soap. Tallow based, again citronella smell. Cut up the stick and mash it into your mug of choice. The cheapest priced.

Mike’s Natural Soap, shaving soap. Another tallow based. Purchase just the unscented refill puck. Pretty good price too. The only downside is it is a small artisan made and current availability might be problematic.

Other options are Mitchell’s Wool Fat shaving soap. Vegan based. Has a slight bar soap smell. If you can find affordably, currently. The company is closing. Another option is Kent Shaving Soap, refill puck. Tallow based and slightly priced shave soap. Both are from England.",positive
Arko,"Arko - cheap and smells like soap, clean and fresh. You can mold it to fit into a mug or keep it in stick-form for travel purposes. I’ve used Arko almost exclusively for years now. It’s just that good.",positive
Arko,"For cheap good quality “git r dun” soap my go-to options would be Cella (get the big brick and cut off a chunk to put in a mug), Arko (stick format but can be mashed into a mug), and Proraso. Bonus that all of these will perform better than what you were using.",positive
Arko,"Cheapest/best value: Arko. Not entirely unscented since it has what is often described as a citronella scent. But for under $5, it is the best deal in wetshaving as far as cost to performance. 

“Soap smelling” soap: Haslinger Sensitive. Relatively inexpensive, plenty slick and has a clean, soapy scent. 

Unscented: Mike’s Natural Soaps. Lots of people suggest Stirling, but to be honest I find Mike’s both slicker and easier to lather.",positive
Arko,"Good luck with cheap unscented soap. ARKO performs much like Williams, but it has a lemony clean scent.",positive
Arko,I saw there was no Arko so I just skimmed the findings.  Clever write up though.,positive
Arko,"I have my niche stuff but i like Arko the classic stick. First expensive soap i bought was executive man, i used to wear aventus years back, so it reminds me of the fond memories I have wearing that.",positive
Arko,"tabac, stirling, arko, speick..

performance wise i could easily get by using arko for the rest of my life..  i mention this because of its low pricepoint -it's a very good performer",positive
Arko,"AOS Tallow Lemon & Sandalwood, have a lifetime supply

P160 still have a little

Irish Moos Sticks for travel, got several before they discontinued.

Arko sticks are surprisingly good for $1 per stick.",positive
Arko,"Arko. Never have a bad shave with it. I use toner and balm, so I can't even really comment on the post shave feel. Also I shave at night before bed, so scent is also not something I care about.


Unpopular opinion: I like the performance of Stirling soaps a lot too, but it's not enough of a step up from Arko to justify the price. I know a lot of people here love the Stirling scents, but to me the majority of them might as well be called 'Middle Aged Man' (which I am, to be fair), or 'Granny's Handbag'. But again, scent is not a consideration for me in a shave soap anyway.",positive
Arko,"Cella, arko performed great but I can’t stand the smell",positive
Arko,"Insted of the Merkur or the 6c get him a full-stainless RazorRock GameChanger [.76](https://www.italianbarber.com/products/razorock-game-changer-76-p-double-edge-razor) that will last him a lifetime.
If he decides he wants to got more aggressive or mild he can still buy another base plate.

Usually I recommend to start with a cheap razor like the Lord L5 or L6 - but since it's a gift get him the fancy one now.

For brushes I recomment a pre-bleached [Zenith boar](https://www.ebay.com/sch/i.html?_dkr=1&iconV2Request=true&_blrs=recall_filtering&_ssn=thegentleshave&store_cat=0&store_name=thegentleshave&_oac=1&_nkw=zenith+boar&_sop=15) brush from Palermo, Sicily. 

For pre-shave get him some shaving soap like [Stirling](https://www.stirlingsoap.com/), Cella, Proraso, Arko or simply some Palmolive shaving cream in the tube.

Stirling also sells alcohol based after shave lotions, but any classic like Pinaud Clubman, Old Spice, Aqua Velva, Mennen SkinBracer, Stetson is a great option - either way he'll smell fabulous.
He can combine them with any moisturizer that fits hs skin type or skip it if he has oily skin. 
Optionally get him some Nivea After Shave Balm - he has to find out what works best for himself.",positive
Arko,Besides Arko is a good substitute.,positive
Arko,"That and VDH were my original shaving soaps. At the time I could only get them at Walmart, but eventually Walmart quit carrying them and I was just shaving with water only on my cartridge lubricating strip razor. Resurrected the true process over a decade later with Arko to great success.",positive
Arko,Arko/Tabac are similar to me from the drug store group of products. Declaration Grooming and Ariana & Evans are tied if we're talking about artisan.,neutral
Arko,"This is a hard question to reply... you should be more specific but I try to give my 2 cents.


As you can read quite often on this Reddit sub, artisanal tallow CROAPs are generally all very good.


Your razor skills, your technique (and of course your skin conditions) are the most important factor. A 2 US$ Palmolive shaving cream, a 1 € Arko stick (if bought in Turkey), a 3.3 € Proraso soap (if bought in Italy) are all good enough to get great comfortable shaves.


A 14.8 US$ Stirling (5.7 oz!!) is one of the most affordable artisanal CROAPs and its mechanical properties probably reach the 93% of those of the ""best"" artisanal CROAPs on the market. It's a **very** good fomula.


Everyone has his/her personal preferences, almost nobody knows well the 60% or more of the most sold artisanal CROAP formulas (there are too many of them and the average shaving frequency of us seems to be every 2 or more days).


I tried more or less 7 different artisanal formulas and I would say that the products I appreciated more were made by Westman Shaving, Ariana & Evans (K2E formula), Barrister & Mann. As I said, I get great shavings by ALL the artisanal soaps I tried since they are WAY more than enough to get wonderful shavings if you already developed good skills. None of them was performing badly.


I tried just a couple of artisanal vegetal formulas (PAA CK-6 seems to me close to tallow formulas in terms of performances) and almost no hard soaps.",positive
Arko,"I have sensitive skin and nick up pretty easily. I've tried several soaps. The keepers for me so far are Tabac, Cella and Arko. I like all three but Tabac is probably the slickest, thus minimizing friction and cuts.",positive
Barrister And Mann,"Stirling, Mike’s Natural, Barrister and Mann are all pretty slick for me.",positive
Barrister And Mann,"B&M, Declaration Grooming, Seaforth!, Tabac, Saponifico Varesino, and A&E Legacy are all slicker than anything else I’ve tried and I’ve tried pretty much all the big names you see on here",positive
Barrister And Mann,"B&M , Noble Otter, Ariana & Evans",positive
Barrister And Mann,"I find Tabac to be the easiest to get a great slick lather with, but with a little more patience dialing in the water Barrister and Mann takes the cake",positive
Barrister And Mann,"All the tallow soaps I use, ...from the cheapest Arko to Goodfellas, Razorock, Summer Break, Chicago Grooming, Strike Gold Shave, Oaken, First Line Shave, Stirling, Hags, Yaqi, Chiseled face, Murphy & McNeil, Moon, MacDuffs, Nordic, Alien shave, Elysian, Mammoth, Gentleman's Nod, Declaration Grooming, Barrister and Mann, Wholly Kaw, Ariana & Evans, WestMan, Zingari, Noble Otter, Fine,..to triple milled tallow soaps like Arko, Captain Fawcet, old version of Böker and Tabac soaps, D.R.  Harris, Hans Baier...they are all equally excellent in terms of quality, the difference is in the preparation of the lather, some require less or more water, some saturate the shaving brush more slowly and some more quickly, some prefer a synthetic shaving brush, and some do better with a boar brush....If you don't skimp on soaps and know what you are doing, they are all excellent...I classify them as mass market shaving creams whether in a tube or tub, vegan artisan and tallow-tallow artisan which are my favorite- slickiest, the best quality.",positive
Barrister And Mann,"I find Saponificio Varesino, Stirling and Barrister and Mann to be the best.",positive
Barrister And Mann,"Honestly, I've tried all the big brands. Everything from macduffs, Declaration Grooming, b&m, stirling, chiseled face... it's gonna be hard to beat barbasol 1919. Slick like an eel in an oil slick, also not too drying, and easy to use. It's an underrated gem when it comes to drugstore shave cream for sure.


I think the only soap that ever came close was saponificio varesino. It's great stuff, lasts a long time due to it being a triple milled puck. It's slightly drying compared to 1919, though. Try the dolomiti scent. If you like barrister and man waves, or Gillette cool rush you know what to expect. Pretty masculine.


Tabac, proraso, arko, cella... all that's gonna be drying. Alot of soaps and creams are like that so it's usually best to get a hydrating aftershave balm, especially if you really want to keep trying new stuff. Zingari man unscented is the best one I tried. But stirling soaps makes a good unscented balm you can't go wrong with. 


That's if you need an aftershave solution. I understand not everyone wants to use aftershave. Face moisturizer works just fine.",positive
Barrister And Mann,"Noble otter is the best I’ve tried. They have excellent soap as a base and they have incredible scents. I’ve tried Italian summer, hamami and lone star. 

I also have barrister and Mann Seville which is a one of a kind scent and similarly great soap formula. 

I concur with your take on the arko: subtle scent is fine but that’s not much protection. I have tabac and I’m using it this morning. It’s ok. I consider that scent to be old timey like the 70’s. 

I disagree a bit on the proraso. I consider that to be the standard. Really good protection and scents. Some are a bit better maybe but if it’s at least as good as proraso then it’s good enough for anyone!",positive
Barrister And Mann,"stirling isnt S tier. its good stuff, but its no B&M.",negative
Barrister And Mann,"I’ve tried all of those except Southern Witchcraft. The only ones I’d put in S Tier are Spearhead, B&M, and A&E. Not mentioned, but Declaration Grooming is also S Tier. I’d say HoM, ZM and NO are A Tier and Stirling is B Tier. Just my opinion",negative
Barrister And Mann,"Since no one is making a ranking, I ll start:


1. Barrister and Mann 
2. Spearhead 
3. Saponoficio Varesino 
4. House of Mammoth 
5.  Declaration Grooming 
6. A&E
7. Wholly Kaw
8. Zingari
9. Noble Otter 
10 Southern Witchcraft 
11. Stirling 
12. Chiseled face",positive
Barrister And Mann,"For me

* Southern Witchcrafts -B
* House of Mammoth -S
* Spearhead Seaforth -?
* Barrister and Mann-A
* Noble Otter -A
* Zingari Man -B
* Ariana & Evans -S
* Stirling -?
* Declaration Grooming -A
* Wholly Kaw -A
* Saponificio Varesino -?

Grooming department's Kairos base would also be S for me, but they seem to be super hard to find based on a quick Google.  Hopefully they're still out there.",positive
Barrister And Mann,"Of the ones I have tried, B&M and SV are at the top of S. Wholly kaw is a slight notch below, but very close. Zingari man is next then stirling. Honestly, they are all good though. The only rebuys and will always have at hand for me are stirling and B&M, the rest I would buy on sale or off the bazaar.",positive
Barrister And Mann,"Taylor of Old Bond street is S tier for me. It’s a cream though, but damn when I’m feeling like pampering myself I ToBS up.

Barrister and Mann is my favourite soap, but I did get a dud once. Stirling is pretty good and has its place. I would rate those two S tier.",positive
Barrister And Mann,"To me the 2 very best are Lothur and B&M Omnibus. 

Lothur is set to come back and they have been acquired by The Razor Company, very excited for that.",positive
Barrister And Mann,"Nice! Currently I only have a Barrister and Mann seville -- jumped right into the deep end. I currently have some proraso on the way, very excited to try it.",positive
Barrister And Mann,"True that TOBS Sandalwood doesn't smell like Sandalwood, it smells better than that (as far as I'm concerned). I like Proraso Red which is supposed to be Sandalwood. I do not like the scent of Barrister and Mann Sandalwood (though it may be a more genuine sandalwood scent).",positive
Barrister And Mann,"I've used tons of different soap bases from dozens of artisans; Noble Otter, Declaration Grooming (RIP), Wholly Kaw, House of Mammoth, Aion Skincare, Southern Witchcrafts (RIP), Henri et Victoria, Highland Springs, MacDuffs, Dr. Jon's (RIP), Zingari Mann, Stirling, Chiseled Face, Spearhead (RIP), Moon, Tallow + Steel, among others that I am probably forgetting.

Purely in terms of performance, Barrister and Mann's Omnibus and Ariana & Evans' Ultima 2 are probably the very best I have ever used. They're both extremely slick. They have wide waterbands that make them easy to lather without accidentally oversaturating them, and they are still plenty slick even if you do. Post shave is also great, to the point where I don't always bother using a balm afterwords.

That being said, I would absolutely recommend any of the artisans I listed above. They all range from good to great in performance.",positive
Barrister And Mann,"To answer your question, yes. I mean, of course. If my skin reacts that stuff is getting binned. 

I am a big fan of Proraso Blue. My skin always feels very protected. 

Also, this might sound counterintuitive, but I get less irritation with a sharp blade in an efficient razor, so my Above the Tie slant + an Accuforge or a Nacet usually gets me 90% clean in 2 passes. 

More efficient razor = less passes = less time with the blade touching the skin. 

Also B&M balms are VERY nourishing and protective. Try the unscented one if you are sensitive. I've been using them the last few days and I almost feel like I don't need to add CeraVe moisturizer afterwards. I still do though :)",positive
Barrister And Mann,"I usually carry Arko in my shaving kit, in a plastic turn up tube. Sometimes though, If I’m traveling for work, I’ll load a sample soap and sample aftershave. Fougère Gothique from B&M seems to make the trip a lot.",neutral
Barrister And Mann,"Mikes, Barrister and Mann, or Stirling Lime.",neutral
Barrister And Mann,"Mitchell's Wool Fat and Barrister and Mann.


BM has a slightly better slick but doesn't last as long as the hard Mitchell's puck.


I prefer limited to no scent so the Mitchell's is all I really buy now.",negative
Barrister And Mann,Spearhead Shaving! Barrister and Mann is also great,positive
Barrister And Mann,"There are so many I could choose from but my favorite is House of Mammoth. Great lather and incredible scents! Ben has a way of making me feel an emotion or feeling with his scents and I love it!

Honorable mentions: Spearhead, Catie’s Bubbles, Noble Otter, Barrister and Mann & more and more",positive
Barrister And Mann,"1 Barrister and Mann - Genius scents that often evoke a specific time and place. Used Promises a couple of times this month, I can’t believe how it manages to put me in the exact locale/situation/time of year that it describes. The scents are not always what I would call “wearable” but as long as I keep it to the soap and splash, I’m the only one appreciating it. Best soap base in the biz. 

2 House of Mammoth - sophisticated, elegant, absolutely wearable smells that evoke in me a mood/feeling. Ben is an absolutely top notch perfumer. 

3 Southern Witchcrafts - unique smells that work great in the fall/winter. Amazing vegan base. 

4 Noble Otter - well balanced enjoyable scents, super solid soap base. 

There’s a bunch of great artisan shave soap makers, some of my other favorites include: Spearhead Seaforth, Catie’s Bubbles, Declaration Grooming, Chiseled Face, and others I forget right now.",positive
Barrister And Mann,Barrister and Mann is a close second to Murphy and McNeil.,neutral
Barrister And Mann,"Great lather: Barrister and Mann is the GOAT.

Scents: I'll give some various recs
1. Variety and value, Stirling all day every 
2. Most unique, Southern Witchcrafts
3. Non- dupes that smell the best: House of Mammoth",positive
Barrister And Mann,Noble otter and Barrister and Mann,positive
Barrister And Mann,"Barrister and Mann. I love the complexity of the scents. Most of them I love at first sniff, and most of the others I begin to appreciate with time. There's only maybe one or two (out of the 20 or so I've tried) that I'm still not sure about. The Omnibus base is fantastic and the vegan base is just as good.

Closely following is House of Mammoth. I've only tried Shire 2, but it is fantastic - smells great and wonderful lather. Can't wait to try others as space (in my soap drawers) permits.",positive
Barrister And Mann,It's a tossup between B&M and A&E for me. Noble Otter is up there too.,positive
Barrister And Mann,"I'm definitely in agreement with your conclusions as well. Wholly Kaw is definitely worth your consideration as well. It's slickness up front isn't quite on par with B&M, but the post-shave feel is unmatched.",positive
Barrister And Mann,"I’ve used many soaps over the years and finally tried some B&M Seville out of curiosity. It is in a whole other league from all the rest I’ve tried. Just an incredibly slick, cushioning, great-smelling soap. Amazing stuff.",positive
Barrister And Mann,Couldn't agree more. I do a series of reviews comparing Old Spice dupe soaps and B&M's shave outpaces all 32 of the other soaps. There are some that come close but none that meet it.,negative
Barrister And Mann,"I have yet to find a soap brand that beats B&M overall from a slickness, scent, and post shave feel. 

Declaration grooming, Haslinger Shafmilch, and Mitchell wool fat might be a bit better performance-wise. DG and MWF are slicker IMO, and Haslinger has the best cushion. 

However, the B&M scents blow those out of the water.",positive
Barrister And Mann,"Great experiment! Thank you for volunteering yourself in the name of science haha

Also, B&M has a new, vegan version of their Omnibus base that I hear is excellent as well",positive
Barrister And Mann,"Barrister and Mann are one of the best. Even their packaging, containers, labels, and bottles are top notch. Very high quality stuff. My only complaint if I had one would be that I wish their scents we're a little stronger and longer lasting. PAA specializes in that. And A&E used to. Wholly Kaw is also very good. And I like Stirling. They give you a great product for the price and they're very generous with the amount of soap they give you. And they have some very nice scents.",positive
Barrister And Mann,"Thanks for the review. 
I have used all 3 and am mostly in agreement with your assessment. 

I think both Stirling and B&M are miles ahead of Proraso (normal considering the price). 

I think B&M is slightly superior to Stirling in terms of base but Stirling is still very high quality and quite a bit more affordable.

Note: The slickest and most protective Proraso is the red one with the shea butter formula. It performs quite a bit better than the green, that being said it’s nowhere near B&M",positive
Barrister And Mann,"I started reading the post and it all seemed very authoritative, like it was written by someone with experience, but when I got to the pictures, I realized it wasn't. Photos showing equally poorly made lather from all three soaps. Not because soaps are bad, but because it was made by someone who doesn't know how to make it.

If you make such a lather with a premium soap like B&M, it's a waste of money, a complete waste of quality material.

I say this not to insult the author, but to motivate him to work on his technique.

All three soaps in the photos can make a much better quality lather without bubbles. I am sure of what I say because I have done it.",positive
Barrister And Mann,"I have used proraso and stirling and cremo, so far I like stirling the best, proraso is a close 2nd, and cremo is third.  However, Stirling only costs about $11.25 for a refill (plus $5 shipping).  Barrister and Mann looks like its $25 from their website directly (not sure if they charge for shipping), or $27 from amazon.  I like this hobby, but $25 for 4 oz of soap seems too much.",positive
Barrister And Mann,"I see B&M, I upvote.",neutral
Barrister And Mann,"Lately I’ve been cycling between the B&M Unscented and Stirling Unscented with Beeswax. B&M has a slight edge on lather but smells like raw soap where the Beeswax in the Stirling adds a nice little something to the scent. 

I wash with a Laroche soap but find their moisturizers a little thick and hard for my skin to take so I’ve been trying a Korean brand called Soon Jung, it’s more milky and easy absorbing.",positive
Barrister And Mann,Ariana and Evans barrister and mann Stirling are 3 brands that are great.,positive
Barrister And Mann,Barrister and Mann + a lot of water = bomb,negative
Barrister And Mann,"I love the Barrister and Mann Omnibus soaps. Currently using Le Grand Chypre, but there’s several scents",positive
Barrister And Mann,"That’s awesome! Thanks for the good work. I see a measuring spoon on some pictures, so I assume you measured your soap. Did you measure the amount of water too? I’m struggling to get a good lather with B&M.",positive
Barrister And Mann,This post just made it so easier for me to pull the trigger on B&M. Had a bunch of stuff in my cart sitting. Read this post and just checked out. 🙌🏻,positive
Barrister And Mann,"Very accurate! I couldn't agree more. You are very on spot with all your ratings, especially B&M and N.O. - I am currently switching between B&M and Noble Otter day to day and can tell a huge difference and your 10 pt. spread between the two soaps is relatable to my experience!",positive
Barrister And Mann,"Favorite is probably either barrister and mann 42 or house of mammoth ""you and I will die""",negative
Barrister And Mann,"It’s seasonal but Barrister and Mann Nocturne is an AMAZING fall in the Northeast scent (think bonfires, hayrides, apple picking)

I actually grabbed Corvin’s Smoked Apple from Solstice Scents to compliment it.

Their Lavender and Lime scents are also amazing (and great for now)

Ariana & Evans also has some amazing scents including Limoncello (think Acqua Viva/Lemon Line) and L’Orange Verte (Good Morning, Hermes Orange Verte)

My three favorite brands - The two mentioned above  + Noble Otter",positive
Barrister And Mann,"My all time favourite is Cool from Barrister and Mann which is discontinued but the scent was purchased by Stirling. They have just announced they are making the Cool Blue scent based on the one from BM but as of now it is not in stock with any UK distributors. The scent is (as confirmed by Will at Barrister&Mann himself) the ""Blue"" barbershop classic scent as it was introduced by Floid Blue which has also been discontinued for some time and which I never smelled. I am only hoping that it is not going to be just a seasonal soap in the Stirling line up but as soon as it will be available in the UK I am buying the shaving soap, the soap bar, the shower gel and the aftershave.",positive
Barrister And Mann,"Noble Otter Neon Sun

Barrister and Mann Muir(e) Wood

My two favorites by far and they are the complete polar opposite of each other",positive
Barrister And Mann,"I haven't got into soaps. When I buy soap, I look at these 15-20€ a soap brands. And then I look at my trusty proraso at 2.55€ a tube and get that. 

I'd like to try B&M but they're hard to get around here.",positive
Barrister And Mann,you made me want to try barrister and mann and house of mammoth now... pretty happy with noble otters scents and stirling does wonders for my skin,positive
Barrister And Mann,"Some of these are on my own personal list for sure like B&M and House of Mammoth.

Though I’m 100% unsure if you can simply put the best performing soap down to one brand/soap so easily. 

I myself am looking for a step up from Stirling soaps in performance. Nice as they are and, I’m a fan of their scents for the most part, it’s tough to pinpoint what is out right the best soap full stop.",positive
Barrister And Mann,"For me its neck and neck between Ariana & Evans' K2e base and Barrister and Mann's Omnibus. Declaration Grooming's Milksteak, Wholly Kaw's Siero, and Noble Otter's V3 round out my top 5. 

HSSC, Southern Witchcrafts, Moon, Henri et Victoria, and Zingari Man aren't quite at the top tier with the others, but very close.",positive
Barrister And Mann,barrister and Mann Omnibus and Macduffs. Consistently outperform all the other artisans. I never have a bad shave with these.,positive
Barrister And Mann,Ariana & Evans or Barrister and Mann. Always some of my best shaves from slickness to post shave feel,positive
Barrister And Mann,"The two that are my absolute favourite and I could live with forever are Mitchell's wool fat and barrister and mann.

Perfect shave every time",positive
Barrister And Mann,"The two that are my absolute favourite and I could live with forever are Mitchell's wool fat and barrister and mann.

Perfect shave every time",positive
Barrister And Mann,"Summer Break Soaps has 1/2 oz. samples for $4 each. House of Mammoth has 1/2 soap samples for $6 each as well as fragrance discovery sets. As someone else mentioned, Barrister and Mann sells 1 oz samples for $4 each.",positive
Barrister And Mann,"It is clove forward, which some people don't care for, but a $5 sample is a great way to try it out. B&M makes a great Bay rum as well, but I don't believe they sell samples.

I also like Stirling orange chill. I'd really like to try Stirling Satsuma since it's supposed to be orange with Asian spice notes. Lots out there for sure. Only way to really tell is if you pick a few up and try them out.",positive
Barrister And Mann,"You could try Barrister and Mann Bay Rum. Besides the very nice fragrance, you also get a top-notch soap base.",positive
Barrister And Mann,"This would be a lot easier if you mentioned your location. Because if you're in the US, you can really do this on easy mode: just get a starter kit from Maggard Razors or Stirling. A Maggard Standard head with whichever handle you think he'd like/any of the ones from Stirling, a synthetic shaving brush, the biggest blade sampler you can afford, and a Stirling, Maggards or B&M soap and aftershave/balm -- just pick a scent you think he'd like!

If washing the face thoroughly and using a good soap, most people do not need a preshave, so don't worry about it yet. Regarding splash or balm, what does he use so far and how does he like it? Especially if he has dry or sensitive skin, a balm might be better. If he prefers something light, then go for a splash -- but for sensitive skin, alcohol-free is best, as it's less drying and doesn't burn.

Edit: Just saw you're planning to get a Muhle brush. They're overpriced, don't bother. If you really want a badger, there's surely cheaper good ones out there. But for now, a cheap synthetic will do everything just as well. They're very soft on the face, need no soaking, easy to work with as they require no break-in and don't eat lather, and dry very quickly. So might as well save some money there and spend it on a better soap instead!",positive
Barrister And Mann,"For me: Barrister and Mann, Saponificio varesino",neutral
Barrister And Mann,"This is great! Thanks so much for this detailed analysis. I use Stirling because of price point and fragrance, but I have to admit I have difficulty getting a good lather.  From your pictures, I can only conclude I need more work on my technique.

Do you think Barrister and Mann is worth the extra money? Where do you think Tabac fits in with your ratings?",positive
Barrister And Mann,"Hey, nice review.

Where can I buy the B&M Paganini's Violin soap?

I don't see it on their website or Amazon.

Was it a limited edition?",positive
Barrister And Mann,B&M Paganini's Violin was a limited run soap and at least in Europe I cannot find it anywhere. I had a tub of it and loved it.,positive
Barrister And Mann,"IMHO.

S-Tier:
HoM
Zingari Man
MacDuffs 

A Tier:
Noble Otter
B&M
A&E (K2e)
Spearhead",positive
Barrister And Mann,"I love my B&M shaving soaps, still have 18-20 left. 
Still have 3-4 pots of the first white formula from 2014 left, for me all the B&M formulas perform equally well. 

I’m surprised you find Caties to be only marginally better than Green Proraso. 

Green Proraso for me is one of the worst shaving soaps and creams out there performance wise. 
I salute Proraso as a brand and love their stuff. 

The Red and blue Proraso to me are stellar performers. 
But the Green Proraso is just a rather mediocre shaving soap in my view. 

On the other hand I really like my Caties Bubbles shaving soaps and find them to perform on almost the same level as my B&M. My Caties are from 2015-2018. Think I still have 8-10 jars left. 

This just goes to show how we all have different skin types, lathering techniques and water hardness and what not.",positive
Barrister And Mann,"Depends. Are you unsatisfied with some of the things or no? Otherwise, buy some Chinese razor __heads__ to put on your razor handle and save lots of money that way. You'll still get the same quality; it's simply wholesale of what tons of brands pay for and recoat or paint or brand with their logo. Try aliexpress first. Try an open comb if it grows so fast. It's what it sound like. You'll want a little more gentleness but it will swim much easier and align hair, and eat more material. Some people would say they do actually get closer shaves from open. As for other stuff, are you just in the mood to experience items or, do you have some particular things to solve? 

I suppose for you, without knowing yet, I would recommend barrister and mann soap (their samples are quite cheap so do that) because it has a massive capacity for water, and it's designed for extremely hydrated __but still dense__ lather.which is an underappreciated goal these days. 

Stirling for its very impressive and unique formula that takes a ton of different ingredients usually used as a singular crux to sell a soap; combining them together as a super wet, hydrating, yet extremely fatty soap. You can do whatever you want with Stirling. You can make lazy suds and they'll work well; you can get those same suds to reconstitute amazingly if you do a wet load and then face lather without adding extra water; there's so much fat and such in their wonderful formula that it pulls together again and becomes really dense. And, of course, if you want to just make a proper dense lather, nobody talks about how dense Stirling also is. It's wonderful. Extremely slick but still quite fairly protective. It's also cheap and has maybe the most variety of anyone. And you can't mess up a Stirling lather, almost similar to using cream.

And Mitchell's wool fat. Makes your skin really soft (stirlings great for that too) and it's a wool fat hard puck soap, so you can lather it even with hose water. Buy the puck itself instead of with the container. Much less money. 

Try Stirling preshave oil. It's cheap and also a huge cocktail of different ingredients that are amazing over time. You can do a lot with this. If you get some I will let you know more about it. Stirling has some really cheap sample bundles where you pick what you want.",positive
Barrister And Mann,"Barrister and Mann is at or very close to the top of the heap.  You'll have a hard time finding anything better.  I'd stick with that.

You may want to try a really mild razor if you absolutely need to avoid nicks.  A Gillette adjustable set to 1, blue tip super speed, Gillette Tech, or Star DE are all possibilities.  One thing about most vintage options is they leave the tabs at the end of the blade exposed which could scratch you in places like your earlobes or under the nose.

An adjustable Schick injector dialed all the way down might be something to try.  No blade tabs on that.

Unfortunately most modern razors aren't what I'd consider mild shavers.  Maybe the Feather ASD2 would work for you?  It covers the blade tabs and that's good but while it's pretty mild, it still has some blade exposure.  If you're careful not to use pressure when shaving, maybe.  Some others might have some good suggestions to try.",positive
Barrister And Mann,"I just tried some Southern Witchcraft samples and they  were slicker with almost no irritation after shave. Noticably better than my B&M soap.

I'll second the preshave idea as well. Personally, a glycerin soap preshave seems to work slightly better than my Prorasso blue preshave.",positive
Barrister And Mann,"My favorite soaps from purely a performance standpoint are southern witchcrafts, barrister and Mann, house of mammoth, and Taylor of old bond street. They are slick and protective",positive
Declaration Grooming,"B&M, Declaration Grooming, Seaforth!, Tabac, Saponifico Varesino, and A&E Legacy are all slicker than anything else I’ve tried and I’ve tried pretty much all the big names you see on here",positive
Declaration Grooming,"All the tallow soaps I use, ...from the cheapest Arko to Goodfellas, Razorock, Summer Break, Chicago Grooming, Strike Gold Shave, Oaken, First Line Shave, Stirling, Hags, Yaqi, Chiseled face, Murphy & McNeil, Moon, MacDuffs, Nordic, Alien shave, Elysian, Mammoth, Gentleman's Nod, Declaration Grooming, Barrister and Mann, Wholly Kaw, Ariana & Evans, WestMan, Zingari, Noble Otter, Fine,..to triple milled tallow soaps like Arko, Captain Fawcet, old version of Böker and Tabac soaps, D.R.  Harris, Hans Baier...they are all equally excellent in terms of quality, the difference is in the preparation of the lather, some require less or more water, some saturate the shaving brush more slowly and some more quickly, some prefer a synthetic shaving brush, and some do better with a boar brush....If you don't skimp on soaps and know what you are doing, they are all excellent...I classify them as mass market shaving creams whether in a tube or tub, vegan artisan and tallow-tallow artisan which are my favorite- slickiest, the best quality.",positive
Declaration Grooming,"Honestly, I've tried all the big brands. Everything from macduffs, Declaration Grooming, b&m, stirling, chiseled face... it's gonna be hard to beat barbasol 1919. Slick like an eel in an oil slick, also not too drying, and easy to use. It's an underrated gem when it comes to drugstore shave cream for sure.


I think the only soap that ever came close was saponificio varesino. It's great stuff, lasts a long time due to it being a triple milled puck. It's slightly drying compared to 1919, though. Try the dolomiti scent. If you like barrister and man waves, or Gillette cool rush you know what to expect. Pretty masculine.


Tabac, proraso, arko, cella... all that's gonna be drying. Alot of soaps and creams are like that so it's usually best to get a hydrating aftershave balm, especially if you really want to keep trying new stuff. Zingari man unscented is the best one I tried. But stirling soaps makes a good unscented balm you can't go wrong with. 


That's if you need an aftershave solution. I understand not everyone wants to use aftershave. Face moisturizer works just fine.",positive
Declaration Grooming,"Martin de Candre, Saponificio Varesino, Mike's Natural, Ethos, Castle Forbes, Declaration Grooming, Aion, Santa Maria Novella... in no specific order",positive
Declaration Grooming,"Declaration grooming and
Henri et Victoria ( for me )",neutral
Declaration Grooming,"I’ve tried all of those except Southern Witchcraft. The only ones I’d put in S Tier are Spearhead, B&M, and A&E. Not mentioned, but Declaration Grooming is also S Tier. I’d say HoM, ZM and NO are A Tier and Stirling is B Tier. Just my opinion",negative
Declaration Grooming,"Since no one is making a ranking, I ll start:


1. Barrister and Mann 
2. Spearhead 
3. Saponoficio Varesino 
4. House of Mammoth 
5.  Declaration Grooming 
6. A&E
7. Wholly Kaw
8. Zingari
9. Noble Otter 
10 Southern Witchcraft 
11. Stirling 
12. Chiseled face",positive
Declaration Grooming,"For me

* Southern Witchcrafts -B
* House of Mammoth -S
* Spearhead Seaforth -?
* Barrister and Mann-A
* Noble Otter -A
* Zingari Man -B
* Ariana & Evans -S
* Stirling -?
* Declaration Grooming -A
* Wholly Kaw -A
* Saponificio Varesino -?

Grooming department's Kairos base would also be S for me, but they seem to be super hard to find based on a quick Google.  Hopefully they're still out there.",positive
Declaration Grooming,"I've used tons of different soap bases from dozens of artisans; Noble Otter, Declaration Grooming (RIP), Wholly Kaw, House of Mammoth, Aion Skincare, Southern Witchcrafts (RIP), Henri et Victoria, Highland Springs, MacDuffs, Dr. Jon's (RIP), Zingari Mann, Stirling, Chiseled Face, Spearhead (RIP), Moon, Tallow + Steel, among others that I am probably forgetting.

Purely in terms of performance, Barrister and Mann's Omnibus and Ariana & Evans' Ultima 2 are probably the very best I have ever used. They're both extremely slick. They have wide waterbands that make them easy to lather without accidentally oversaturating them, and they are still plenty slick even if you do. Post shave is also great, to the point where I don't always bother using a balm afterwords.

That being said, I would absolutely recommend any of the artisans I listed above. They all range from good to great in performance.",positive
Declaration Grooming,"1 Barrister and Mann - Genius scents that often evoke a specific time and place. Used Promises a couple of times this month, I can’t believe how it manages to put me in the exact locale/situation/time of year that it describes. The scents are not always what I would call “wearable” but as long as I keep it to the soap and splash, I’m the only one appreciating it. Best soap base in the biz. 

2 House of Mammoth - sophisticated, elegant, absolutely wearable smells that evoke in me a mood/feeling. Ben is an absolutely top notch perfumer. 

3 Southern Witchcrafts - unique smells that work great in the fall/winter. Amazing vegan base. 

4 Noble Otter - well balanced enjoyable scents, super solid soap base. 

There’s a bunch of great artisan shave soap makers, some of my other favorites include: Spearhead Seaforth, Catie’s Bubbles, Declaration Grooming, Chiseled Face, and others I forget right now.",positive
Declaration Grooming,Declaration grooming,neutral
Declaration Grooming,"I have yet to find a soap brand that beats B&M overall from a slickness, scent, and post shave feel. 

Declaration grooming, Haslinger Shafmilch, and Mitchell wool fat might be a bit better performance-wise. DG and MWF are slicker IMO, and Haslinger has the best cushion. 

However, the B&M scents blow those out of the water.",positive
Declaration Grooming,"For me its neck and neck between Ariana & Evans' K2e base and Barrister and Mann's Omnibus. Declaration Grooming's Milksteak, Wholly Kaw's Siero, and Noble Otter's V3 round out my top 5. 

HSSC, Southern Witchcrafts, Moon, Henri et Victoria, and Zingari Man aren't quite at the top tier with the others, but very close.",positive
Declaration Grooming,"My current experience would be that way: Officina Artigiana Sapone da barba > Declaration Grooming = MacDuff = HOM = A&E > B+M > Stirling = Moon > The Goodfellas Smile = Cella = Mühle > Proraso > TOBS

Mind, differences are often negligible but Officina Artigiana works just best for me. Down to Mühle I like them all. Proraso is perfectly okay but the others are just more enjoyable. Green is refreshing but Stirling Margaritas in the Arctic even more so and it's not as drying. 

Differences could be due to my lathering technique (or lack thereof). On the other hand this might be an indicator for ease of lathering... 

As always YMMV.",positive
Declaration Grooming,Arko/Tabac are similar to me from the drug store group of products. Declaration Grooming and Ariana & Evans are tied if we're talking about artisan.,neutral
Geo F Trumpers,"Stirling shaves excellently, super slick. As for non tallow though, I think Geo F Trumpers lathers very quick and shaves excellently.",positive
Mike’S Natural,"Stirling, Mike’s Natural, Barrister and Mann are all pretty slick for me.",positive
Mike’S Natural,"Stirling Sheep, mutton tallow. It does have a citronella citrus smell like old Dove bath soap. Purchase the refill puck option, affordable priced and just put it into your mug of choice.

Arko shaving stick soap. Tallow based, again citronella smell. Cut up the stick and mash it into your mug of choice. The cheapest priced.

Mike’s Natural Soap, shaving soap. Another tallow based. Purchase just the unscented refill puck. Pretty good price too. The only downside is it is a small artisan made and current availability might be problematic.

Other options are Mitchell’s Wool Fat shaving soap. Vegan based. Has a slight bar soap smell. If you can find affordably, currently. The company is closing. Another option is Kent Shaving Soap, refill puck. Tallow based and slightly priced shave soap. Both are from England.",positive
Mike’S Natural,"Cheapest/best value: Arko. Not entirely unscented since it has what is often described as a citronella scent. But for under $5, it is the best deal in wetshaving as far as cost to performance. 

“Soap smelling” soap: Haslinger Sensitive. Relatively inexpensive, plenty slick and has a clean, soapy scent. 

Unscented: Mike’s Natural Soaps. Lots of people suggest Stirling, but to be honest I find Mike’s both slicker and easier to lather.",positive
Moon Soaps,"Slickest: Moon Soaps

Lather: Arko or Palmolive",positive
Moon Soaps,"Proraso red and a cube has been my go to. Recently I snatched a tallow soap, moon soaps Union. And damn is it good.

I definitely have awesome shaves with proraso, and the cube helps a lot. But the tallow makes my shaves way better and has a great feel long after the shave. 

Maybe being made with love is the answer, but it definitely makes me wanna dig into artisan soaps.",positive
Noble Otter,"B&M , Noble Otter, Ariana & Evans",positive
Noble Otter,"All the tallow soaps I use, ...from the cheapest Arko to Goodfellas, Razorock, Summer Break, Chicago Grooming, Strike Gold Shave, Oaken, First Line Shave, Stirling, Hags, Yaqi, Chiseled face, Murphy & McNeil, Moon, MacDuffs, Nordic, Alien shave, Elysian, Mammoth, Gentleman's Nod, Declaration Grooming, Barrister and Mann, Wholly Kaw, Ariana & Evans, WestMan, Zingari, Noble Otter, Fine,..to triple milled tallow soaps like Arko, Captain Fawcet, old version of Böker and Tabac soaps, D.R.  Harris, Hans Baier...they are all equally excellent in terms of quality, the difference is in the preparation of the lather, some require less or more water, some saturate the shaving brush more slowly and some more quickly, some prefer a synthetic shaving brush, and some do better with a boar brush....If you don't skimp on soaps and know what you are doing, they are all excellent...I classify them as mass market shaving creams whether in a tube or tub, vegan artisan and tallow-tallow artisan which are my favorite- slickiest, the best quality.",positive
Noble Otter,"Still on my journey of expanding my shave soap repertoire as I'm picky but Noble Otter, Educated Beards, and House of Mammoth have all been great. I have heard great things about Cajun Blade and Adopted Acres as well. I'm strictly tallow.",positive
Noble Otter,"Noble otter is the best I’ve tried. They have excellent soap as a base and they have incredible scents. I’ve tried Italian summer, hamami and lone star. 

I also have barrister and Mann Seville which is a one of a kind scent and similarly great soap formula. 

I concur with your take on the arko: subtle scent is fine but that’s not much protection. I have tabac and I’m using it this morning. It’s ok. I consider that scent to be old timey like the 70’s. 

I disagree a bit on the proraso. I consider that to be the standard. Really good protection and scents. Some are a bit better maybe but if it’s at least as good as proraso then it’s good enough for anyone!",positive
Noble Otter,"Noble Otter is pretty solid

Ariana & Evans

Wholly Kaw

House of Mammoth",positive
Noble Otter,"Since no one is making a ranking, I ll start:


1. Barrister and Mann 
2. Spearhead 
3. Saponoficio Varesino 
4. House of Mammoth 
5.  Declaration Grooming 
6. A&E
7. Wholly Kaw
8. Zingari
9. Noble Otter 
10 Southern Witchcraft 
11. Stirling 
12. Chiseled face",positive
Noble Otter,"For me

* Southern Witchcrafts -B
* House of Mammoth -S
* Spearhead Seaforth -?
* Barrister and Mann-A
* Noble Otter -A
* Zingari Man -B
* Ariana & Evans -S
* Stirling -?
* Declaration Grooming -A
* Wholly Kaw -A
* Saponificio Varesino -?

Grooming department's Kairos base would also be S for me, but they seem to be super hard to find based on a quick Google.  Hopefully they're still out there.",positive
Noble Otter,"I’m right there with you!! If I may, try a tallow based soap from someone like Stirling or Noble Otter. Really made the KCG, Astra setup… supercharged! Check out Personna platinums as well. Equal, if not slightly better, imo. Cheers! 🍻",positive
Noble Otter,Monoi de Tahiti by Noble Otter has some nice sandalwood as part of a tropical blend.,positive
Noble Otter,"I've used tons of different soap bases from dozens of artisans; Noble Otter, Declaration Grooming (RIP), Wholly Kaw, House of Mammoth, Aion Skincare, Southern Witchcrafts (RIP), Henri et Victoria, Highland Springs, MacDuffs, Dr. Jon's (RIP), Zingari Mann, Stirling, Chiseled Face, Spearhead (RIP), Moon, Tallow + Steel, among others that I am probably forgetting.

Purely in terms of performance, Barrister and Mann's Omnibus and Ariana & Evans' Ultima 2 are probably the very best I have ever used. They're both extremely slick. They have wide waterbands that make them easy to lather without accidentally oversaturating them, and they are still plenty slick even if you do. Post shave is also great, to the point where I don't always bother using a balm afterwords.

That being said, I would absolutely recommend any of the artisans I listed above. They all range from good to great in performance.",positive
Noble Otter,"There are so many I could choose from but my favorite is House of Mammoth. Great lather and incredible scents! Ben has a way of making me feel an emotion or feeling with his scents and I love it!

Honorable mentions: Spearhead, Catie’s Bubbles, Noble Otter, Barrister and Mann & more and more",positive
Noble Otter,"If I had to pick one, maybe Noble Otter.  I'm not saying it's the best soap brand, but the scents make me happy so it's a personal favorite.",positive
Noble Otter,I'm a sucker for pretty pictures so currently Noble Otter just from how it looks.,positive
Noble Otter,"1 Barrister and Mann - Genius scents that often evoke a specific time and place. Used Promises a couple of times this month, I can’t believe how it manages to put me in the exact locale/situation/time of year that it describes. The scents are not always what I would call “wearable” but as long as I keep it to the soap and splash, I’m the only one appreciating it. Best soap base in the biz. 

2 House of Mammoth - sophisticated, elegant, absolutely wearable smells that evoke in me a mood/feeling. Ben is an absolutely top notch perfumer. 

3 Southern Witchcrafts - unique smells that work great in the fall/winter. Amazing vegan base. 

4 Noble Otter - well balanced enjoyable scents, super solid soap base. 

There’s a bunch of great artisan shave soap makers, some of my other favorites include: Spearhead Seaforth, Catie’s Bubbles, Declaration Grooming, Chiseled Face, and others I forget right now.",positive
Noble Otter,Noble otter and Barrister and Mann,positive
Noble Otter,It's a tossup between B&M and A&E for me. Noble Otter is up there too.,positive
Noble Otter,"Barrister & Mann, Noble Otter, and Ariana & Evans are my favorites when I account for both great scents and good soap bases.

Stirling is a starting point though. They have good prices and a scent for everyone. 

I’ve been in this hobby for 5 years and I have yet to really find a well established artisan soap company that completely bombs with their product. I find most of them have some quality to offer. Try samples from Maggard Razors of different scents/brands, and see what you like.",positive
Noble Otter,"I like Proraso White. I've tried a couple of different shaving soaps, Noble otter works best for me.",positive
Noble Otter,"Regarding tallow soaps, these brands make a wonderfully performing formula and are able to work really well making quality fragrances:


- Ariana & Evans,
- Zingari Man,
- Westman Shaving,
- Phoenix Artisan Accoutrements.


Even these brands make similar formulas in terms of performances but I did not try enough of their soaps to express an opinion about their skills when dealing with fragrances:


- Barrister & Mann,
- Noble Otter.


Some of those brands make also vegetal formulated soap bases.


Does it make sense that I suggest you the scents that I liked more? It's something extremely subjective...


If you think that your father likes talc barbershop fragrance, some of those brands make that kind of fragrance, for example Seville by Barrister &M., C.a.D. by PAA, etc.


If your father in law likes lime smell, Zingari Man Socialité seemed to me a nice made fragrance.


A nice smelling soap, if one likes rose-oud dominated perfumes, is also Alma by Westman Shaving.


And finally, you can consider also Stirling Soaps. They aren't always so high quality in terms of fragrances but some of their soaps have good ones. They make a lot of different smelling soaps and many of them are inspired by famous Eau de Toilette so you can consider to buy a Stirling inspired by a perfume that he likes.


Of course these are just my 2 cents on this topic, *His Mileage May Vary*. :)",positive
Noble Otter,"How you gonna do HoM dirty like that and not say they’re a star athlete?! Honestly should swap student descriptions with A&E or WK. Tusk base is better than anything A&E or WK has put out, including K2e (which is great).

Also, and this is no offense intended, but if you’re getting B+ lather with Noble Otter, you’re doing something wrong. Add more water. It can take more water than almost every base I have in my den (which includes every student at Shavewarts and many more).",positive
Noble Otter,"Very accurate! I couldn't agree more. You are very on spot with all your ratings, especially B&M and N.O. - I am currently switching between B&M and Noble Otter day to day and can tell a huge difference and your 10 pt. spread between the two soaps is relatable to my experience!",positive
Noble Otter,"It’s seasonal but Barrister and Mann Nocturne is an AMAZING fall in the Northeast scent (think bonfires, hayrides, apple picking)

I actually grabbed Corvin’s Smoked Apple from Solstice Scents to compliment it.

Their Lavender and Lime scents are also amazing (and great for now)

Ariana & Evans also has some amazing scents including Limoncello (think Acqua Viva/Lemon Line) and L’Orange Verte (Good Morning, Hermes Orange Verte)

My three favorite brands - The two mentioned above  + Noble Otter",positive
Noble Otter,"Noble Otter Neon Sun

Barrister and Mann Muir(e) Wood

My two favorites by far and they are the complete polar opposite of each other",positive
Noble Otter,"Catie's Bubbles A Midnight Dreary.  This soap smells like the perfect late night shave soap.

Southern Witcraft Boonana and Samhain.  Pumpkins, Bananas and bourbon. Unfortunately no longer available.

Noble Otter RAWR - Smells just like Banana Republic - Neroli Woods",positive
Noble Otter,"For me its neck and neck between Ariana & Evans' K2e base and Barrister and Mann's Omnibus. Declaration Grooming's Milksteak, Wholly Kaw's Siero, and Noble Otter's V3 round out my top 5. 

HSSC, Southern Witchcrafts, Moon, Henri et Victoria, and Zingari Man aren't quite at the top tier with the others, but very close.",positive
Noble Otter,Noble Otter. Worlds better than Proraso White.,positive
Noble Otter,"Czech & Speake Oxford and Cambridge, a few come very close A&E, Noble Otter but just not quite as great.",negative
Noble Otter,I mainly use Proraso(because it’s what I can afford and I really enjoy it) and I like Noble Otter(to treat myself sometimes). Good shit. Noble Otter better. USA USA USA,positive
Noble Otter,"Take a look I just posted basically the same exact thing yesterday. Ended up getting 
Stirling Mountain man
Stirling Sandpiper (YSL clone)
Noble otter orbit 
Mühre wood",positive
Noble Otter,"It's cool that your trying to get your BF the perfect gift.  Don't stress too much over it all.   Part of the process is figuring out what works for the individual.   Soaps, blades, and post shave products are rather subjective.     What works for one person may not work for another.    Get a decent kit and he'll find his preferences along the way.


I think you've done a good job of narrowing down razor options.  Both the Merkur and Rockwell are solid starter razors.  I would lean towards the 6c because of the changeable plates.  I don't think pre shave products are necessary.   Proper preparation and a good lather is sufficient.   There are plenty of good soaps on the market, too many to list.   I prefer Noble Otter, Zingariman and Spearhead Shaving.    A synthetic brush is fine for learning to lather.   Post shave products are somewhat dependant on skin type.   Balms for dry skin and splashes for oily skin.


Regarding the issue with ingrowms, I suggest a full measure of patience.   Safety razors are not a magic solution with instant results.  There's a learning curve that often frustrates beginners.   Once you get past the learning phase there is something special about safety razors.   Smooth clean shaves without irritation.


Don't worry about perfection with your choices.  He'll be happy with the thoughtfulness of your gift.",positive
Noble Otter,"IMHO.

S-Tier:
HoM
Zingari Man
MacDuffs 

A Tier:
Noble Otter
B&M
A&E (K2e)
Spearhead",positive
Noble Otter,"I would try out Ariana and Evans, that's been the best for me.  Close runners up are house of mammoth, grooming dept. and wholly kaw. Honorable mentions for declaration and noble otter. I didn't like them as much, but they were both excellent.",positive
Noble Otter,Not menthol but Noble Otter Orbit leaves my face cool and tingly for hours.,negative
Palmolive,"Slickest: Moon Soaps

Lather: Arko or Palmolive",positive
Palmolive,"For creams, I think I could be happy with Palmolive for the rest of my shaving life, if I had to. For soap, Vergulde Hand. Yes i am Dutch.",positive
Palmolive,"I tried many creams and soaps I and I can tell you that ""artisan"" soaps are highly overrated. In most cases they are not that better (if any) than traditional products.  
I like Palmolive canned cream with menthol very much - I could swear that this stuff provides me with some of the best shaves.

I guess that you are from USA because you mention Barbasol. Many people from there like Cremo. Maybe you could try that.",positive
Palmolive,"cream -> palmolive

soap -> westman",neutral
Palmolive,"Tabac smells gross. Like my grandma's 70's Hairspray, unfortunately.

Palmolive is the best bang for the buck I've found.",positive
Palmolive,Palmolive shave stick RIP.,neutral
Palmolive,"Chiming in with no personal experience with this product. My sister in-law uses and swears by the Leaf Twig. It’s a single edge, not a double but they are principally the same for what you’re trying to do. 

I do agree with the above comments about it getting tedious to bowl lather in the shower just to watch a good portion of it slide/wash off. I think I’d be inclined to recommend using a bar soap or body wash/shower gel in leu of shaving cream but if you’re attached to the idea of a dedicated shaving cream then Cremo makes a pretty cheap 6oz tube you can pick up at most Targets. Their classic citrus scent could be considered feminine-ish. Proraso or Palmolive are good options for cheap tubes. The advantage to a tube is that it’s instantly spreadable and you can sort of lather it in your hands. 

Or the more mainstream women’s shower shave products like Eos, Skintimate, and Flamingo are all good. My wife uses Skintimate for her legs.",positive
Palmolive,"Rockwell 6c or 6s (depending on your budget).

Yaqi synthetic brush 24mm.

Palmolive shave cream (very protective and good glide).

Thayers witchhazel toner for post shave.",positive
Palmolive,"Not so sure about the Palmolive, but the Mühle Rocca is definitely the best razor!",positive
Palmolive,Palmolive classic and Arko,neutral
Palmolive,Good ol Palmolive in a tube.,positive
Palmolive,"Insted of the Merkur or the 6c get him a full-stainless RazorRock GameChanger [.76](https://www.italianbarber.com/products/razorock-game-changer-76-p-double-edge-razor) that will last him a lifetime.
If he decides he wants to got more aggressive or mild he can still buy another base plate.

Usually I recommend to start with a cheap razor like the Lord L5 or L6 - but since it's a gift get him the fancy one now.

For brushes I recomment a pre-bleached [Zenith boar](https://www.ebay.com/sch/i.html?_dkr=1&iconV2Request=true&_blrs=recall_filtering&_ssn=thegentleshave&store_cat=0&store_name=thegentleshave&_oac=1&_nkw=zenith+boar&_sop=15) brush from Palermo, Sicily. 

For pre-shave get him some shaving soap like [Stirling](https://www.stirlingsoap.com/), Cella, Proraso, Arko or simply some Palmolive shaving cream in the tube.

Stirling also sells alcohol based after shave lotions, but any classic like Pinaud Clubman, Old Spice, Aqua Velva, Mennen SkinBracer, Stetson is a great option - either way he'll smell fabulous.
He can combine them with any moisturizer that fits hs skin type or skip it if he has oily skin. 
Optionally get him some Nivea After Shave Balm - he has to find out what works best for himself.",positive
Palmolive,Add nacets blades. They're very sharp but seem to give a very smooth shave. I'm a big fan of them. For now I would skip the preshave. Don't make the process too big. He'll have to walk into this world with small steps. A cream is easier to lather than soap so it's a better start. Proraso is a good brand. You can also go with palmolive cream depending on where you live. For a brush I'd recommend a synthetic brush. It's less likely to be a bad buy. On aliexpress the yaqi store sells cheap but high quality synthetic brushes. For aftershave I'd recommend a balm. They're more soothing and less harsh on the skin. Unless he has very oily skin a balm will have many benefits. Let us know how he likes it!,positive
Palmolive,"This is a hard question to reply... you should be more specific but I try to give my 2 cents.


As you can read quite often on this Reddit sub, artisanal tallow CROAPs are generally all very good.


Your razor skills, your technique (and of course your skin conditions) are the most important factor. A 2 US$ Palmolive shaving cream, a 1 € Arko stick (if bought in Turkey), a 3.3 € Proraso soap (if bought in Italy) are all good enough to get great comfortable shaves.


A 14.8 US$ Stirling (5.7 oz!!) is one of the most affordable artisanal CROAPs and its mechanical properties probably reach the 93% of those of the ""best"" artisanal CROAPs on the market. It's a **very** good fomula.


Everyone has his/her personal preferences, almost nobody knows well the 60% or more of the most sold artisanal CROAP formulas (there are too many of them and the average shaving frequency of us seems to be every 2 or more days).


I tried more or less 7 different artisanal formulas and I would say that the products I appreciated more were made by Westman Shaving, Ariana & Evans (K2E formula), Barrister & Mann. As I said, I get great shavings by ALL the artisanal soaps I tried since they are WAY more than enough to get wonderful shavings if you already developed good skills. None of them was performing badly.


I tried just a couple of artisanal vegetal formulas (PAA CK-6 seems to me close to tallow formulas in terms of performances) and almost no hard soaps.",positive
Saponificio Varesino,Saponificio Varesino,neutral
Saponificio Varesino,Saponificio Varesino and Phoenix Shaving for me.,neutral
Saponificio Varesino,"I find Saponificio Varesino, Stirling and Barrister and Mann to be the best.",positive
Saponificio Varesino,"Honestly, I've tried all the big brands. Everything from macduffs, Declaration Grooming, b&m, stirling, chiseled face... it's gonna be hard to beat barbasol 1919. Slick like an eel in an oil slick, also not too drying, and easy to use. It's an underrated gem when it comes to drugstore shave cream for sure.


I think the only soap that ever came close was saponificio varesino. It's great stuff, lasts a long time due to it being a triple milled puck. It's slightly drying compared to 1919, though. Try the dolomiti scent. If you like barrister and man waves, or Gillette cool rush you know what to expect. Pretty masculine.


Tabac, proraso, arko, cella... all that's gonna be drying. Alot of soaps and creams are like that so it's usually best to get a hydrating aftershave balm, especially if you really want to keep trying new stuff. Zingari man unscented is the best one I tried. But stirling soaps makes a good unscented balm you can't go wrong with. 


That's if you need an aftershave solution. I understand not everyone wants to use aftershave. Face moisturizer works just fine.",positive
Saponificio Varesino,"Martin de Candre, Saponificio Varesino, Mike's Natural, Ethos, Castle Forbes, Declaration Grooming, Aion, Santa Maria Novella... in no specific order",positive
Saponificio Varesino,"A few of those shouldn't be on the list, honestly. And it's a tragedy that Saponificio Varesino isn't mentioned.",negative
Saponificio Varesino,"For me

* Southern Witchcrafts -B
* House of Mammoth -S
* Spearhead Seaforth -?
* Barrister and Mann-A
* Noble Otter -A
* Zingari Man -B
* Ariana & Evans -S
* Stirling -?
* Declaration Grooming -A
* Wholly Kaw -A
* Saponificio Varesino -?

Grooming department's Kairos base would also be S for me, but they seem to be super hard to find based on a quick Google.  Hopefully they're still out there.",positive
Saponificio Varesino,"Overall I would probably rank Saponificio Varesino #1. AyLM is up there as well. Bonus for having probably the best artisan aftershaves. 

Gentleman’s Nod C+{?} and Murphy and McNeil Kodiak are top notch imo as far as US artisan soap makers go.",positive
Saponificio Varesino,"S tier ….? 
IMO Martin De Candre (MDC)  & saponificio Varesino (SV) .
case closed, don’t waist you time and money on anything else",neutral
Saponificio Varesino,"My favorites are Dendi and Vreto (artisans from Serbia), Saponificio Varesino and Pinnacle Grooming.",positive
Saponificio Varesino,"My last few shaves were with Cella Extra Extra Bio (teal). One of the best I've tried, I rate it as high as my Saponificio Varesino in performance and feel, it's just that good.",positive
Saponificio Varesino,My personal favorite is Saponificio Varesino. Fantastic ingredients and phenomenal scents!,positive
Saponificio Varesino,Rockwell or Saponificio Varesino,neutral
Saponificio Varesino,"So which soap did you end up buying? I was thinking of recommending Tabac in a glass jar, a timeless classic, an old school scent, but if that scent doesn't suit him, he has more choices at Martin de Candre, Saponificio Varesino...all are vegan, proven classics",neutral
Saponificio Varesino,"I’m kinda new to DE too and I’ve been trying soaps and blades with a couple of razors. I know Proraso green pretty well and I’m not going back to it again, artisan soaps are on another level 

Stirling is very good but not in my highest tier. I tried Varen and hated the scent btw

Martin de Candre Rose is the best I tried so far.
Saponificio Varesino and Ariana & Evans are close. And I need to give another try to that Castle Forbes sample too",positive
Saponificio Varesino,Zingari Man No.1 smells amazing to me. Mozzafiato Saponificio Varesino 70th Anniversary is another that smells good enough for a date night. Both are top shelf performers as well.,positive
Saponificio Varesino,"For me: Barrister and Mann, Saponificio varesino",neutral
Seaforth,"B&M, Declaration Grooming, Seaforth!, Tabac, Saponifico Varesino, and A&E Legacy are all slicker than anything else I’ve tried and I’ve tried pretty much all the big names you see on here",positive
Seaforth,"For me

* Southern Witchcrafts -B
* House of Mammoth -S
* Spearhead Seaforth -?
* Barrister and Mann-A
* Noble Otter -A
* Zingari Man -B
* Ariana & Evans -S
* Stirling -?
* Declaration Grooming -A
* Wholly Kaw -A
* Saponificio Varesino -?

Grooming department's Kairos base would also be S for me, but they seem to be super hard to find based on a quick Google.  Hopefully they're still out there.",positive
Seaforth,"1 Barrister and Mann - Genius scents that often evoke a specific time and place. Used Promises a couple of times this month, I can’t believe how it manages to put me in the exact locale/situation/time of year that it describes. The scents are not always what I would call “wearable” but as long as I keep it to the soap and splash, I’m the only one appreciating it. Best soap base in the biz. 

2 House of Mammoth - sophisticated, elegant, absolutely wearable smells that evoke in me a mood/feeling. Ben is an absolutely top notch perfumer. 

3 Southern Witchcrafts - unique smells that work great in the fall/winter. Amazing vegan base. 

4 Noble Otter - well balanced enjoyable scents, super solid soap base. 

There’s a bunch of great artisan shave soap makers, some of my other favorites include: Spearhead Seaforth, Catie’s Bubbles, Declaration Grooming, Chiseled Face, and others I forget right now.",positive
Seaforth,Get him Seaforth! Black Watch by Spearhead Shaving Co.,neutral
Seaforth,"Seaforth soaps have blown me, both in performance and in scents, absolutely amazing stuff.",positive
Seaforth,"For me, it’s believe it or not Proraso white, and anything from Grooming Dept. Stirling is almost always great too, especially the sheep fat bases. Seaforth is also fantastic IMHO.",positive
Stirling,"Stirling, Mike’s Natural, Barrister and Mann are all pretty slick for me.",positive
Stirling,"Stirling shaves excellently, super slick. As for non tallow though, I think Geo F Trumpers lathers very quick and shaves excellently.",positive
Stirling,"All the tallow soaps I use, ...from the cheapest Arko to Goodfellas, Razorock, Summer Break, Chicago Grooming, Strike Gold Shave, Oaken, First Line Shave, Stirling, Hags, Yaqi, Chiseled face, Murphy & McNeil, Moon, MacDuffs, Nordic, Alien shave, Elysian, Mammoth, Gentleman's Nod, Declaration Grooming, Barrister and Mann, Wholly Kaw, Ariana & Evans, WestMan, Zingari, Noble Otter, Fine,..to triple milled tallow soaps like Arko, Captain Fawcet, old version of Böker and Tabac soaps, D.R.  Harris, Hans Baier...they are all equally excellent in terms of quality, the difference is in the preparation of the lather, some require less or more water, some saturate the shaving brush more slowly and some more quickly, some prefer a synthetic shaving brush, and some do better with a boar brush....If you don't skimp on soaps and know what you are doing, they are all excellent...I classify them as mass market shaving creams whether in a tube or tub, vegan artisan and tallow-tallow artisan which are my favorite- slickiest, the best quality.",positive
Stirling,"Been a while since I've tried a new soap, but FWIW; slickest - Stirling or Cremo, best lathering - Mike's Natural or Truefitt & Hill.",positive
Stirling,"I find Saponificio Varesino, Stirling and Barrister and Mann to be the best.",positive
Stirling,"My top:

Speick cream (both blue and grey)

Haslinger (all of them)

Cella (red and green)

Nivea cream (blue and white)

Proraso (blue, white, red)

Stirling (any with essential oils scent)

MdC (due to ingredient list simplicity, quality and cleanliness)",positive
Stirling,"Honestly, I've tried all the big brands. Everything from macduffs, Declaration Grooming, b&m, stirling, chiseled face... it's gonna be hard to beat barbasol 1919. Slick like an eel in an oil slick, also not too drying, and easy to use. It's an underrated gem when it comes to drugstore shave cream for sure.


I think the only soap that ever came close was saponificio varesino. It's great stuff, lasts a long time due to it being a triple milled puck. It's slightly drying compared to 1919, though. Try the dolomiti scent. If you like barrister and man waves, or Gillette cool rush you know what to expect. Pretty masculine.


Tabac, proraso, arko, cella... all that's gonna be drying. Alot of soaps and creams are like that so it's usually best to get a hydrating aftershave balm, especially if you really want to keep trying new stuff. Zingari man unscented is the best one I tried. But stirling soaps makes a good unscented balm you can't go wrong with. 


That's if you need an aftershave solution. I understand not everyone wants to use aftershave. Face moisturizer works just fine.",positive
Stirling,"I’ve tried A&E, moon, stirling, proraso, cella, kmf, tobs. 

The best for me is tobs. Then more budget friendly is kmf and proraso.",positive
Stirling,"stirling isnt S tier. its good stuff, but its no B&M.",negative
Stirling,"US artisans are hard to acquire and overpriced where I live so I can only comment on Stirling which I've tried, but I consider you guys lucky over there with easy access to all this. Stirling produces a copious amount of lather even with only 10 seconds of loading with a synthetic brush. I couldn't praise the performance of it enough, compared to stuff like Proraso or even Tabac.",positive
Stirling,"I’ve tried all of those except Southern Witchcraft. The only ones I’d put in S Tier are Spearhead, B&M, and A&E. Not mentioned, but Declaration Grooming is also S Tier. I’d say HoM, ZM and NO are A Tier and Stirling is B Tier. Just my opinion",negative
Stirling,"Since no one is making a ranking, I ll start:


1. Barrister and Mann 
2. Spearhead 
3. Saponoficio Varesino 
4. House of Mammoth 
5.  Declaration Grooming 
6. A&E
7. Wholly Kaw
8. Zingari
9. Noble Otter 
10 Southern Witchcraft 
11. Stirling 
12. Chiseled face",positive
Stirling,"For me

* Southern Witchcrafts -B
* House of Mammoth -S
* Spearhead Seaforth -?
* Barrister and Mann-A
* Noble Otter -A
* Zingari Man -B
* Ariana & Evans -S
* Stirling -?
* Declaration Grooming -A
* Wholly Kaw -A
* Saponificio Varesino -?

Grooming department's Kairos base would also be S for me, but they seem to be super hard to find based on a quick Google.  Hopefully they're still out there.",positive
Stirling,"Of the ones I have tried, B&M and SV are at the top of S. Wholly kaw is a slight notch below, but very close. Zingari man is next then stirling. Honestly, they are all good though. The only rebuys and will always have at hand for me are stirling and B&M, the rest I would buy on sale or off the bazaar.",positive
Stirling,"I’m newish to wet shaving.  Are the other brands listed that much better than Stirling?  I just switched to Stirling from Proraso, and I am amazed at how better my shaving experience has been.",positive
Stirling,"Taylor of Old Bond street is S tier for me. It’s a cream though, but damn when I’m feeling like pampering myself I ToBS up.

Barrister and Mann is my favourite soap, but I did get a dud once. Stirling is pretty good and has its place. I would rate those two S tier.",positive
Stirling,"I’m right there with you!! If I may, try a tallow based soap from someone like Stirling or Noble Otter. Really made the KCG, Astra setup… supercharged! Check out Personna platinums as well. Equal, if not slightly better, imo. Cheers! 🍻",positive
Stirling,"Stirling Soaps are like $15 for 5.8 oz. When you are ready to try something else, start there. Their Unscented with Beeswax is the best soap I have tried, and I have tried brushless creams like Cremo and Barbasol 1919, lather creams like Proraso, Cella, and artisan soaps that cost 2 or 3 times the price. Stirlings Unscented with Beeswax. It leaves my face feeling so good that I have considered foregoing the aftershave many times. And 5.8oz last quite a while..",positive
Stirling,"Ariana and Evans Asian plum, TOBS royal forest, Stirling executive man.",neutral
Stirling,Stirling mutton tallows are superb! They have a few available now but rotate around,positive
Stirling,"I've used tons of different soap bases from dozens of artisans; Noble Otter, Declaration Grooming (RIP), Wholly Kaw, House of Mammoth, Aion Skincare, Southern Witchcrafts (RIP), Henri et Victoria, Highland Springs, MacDuffs, Dr. Jon's (RIP), Zingari Mann, Stirling, Chiseled Face, Spearhead (RIP), Moon, Tallow + Steel, among others that I am probably forgetting.

Purely in terms of performance, Barrister and Mann's Omnibus and Ariana & Evans' Ultima 2 are probably the very best I have ever used. They're both extremely slick. They have wide waterbands that make them easy to lather without accidentally oversaturating them, and they are still plenty slick even if you do. Post shave is also great, to the point where I don't always bother using a balm afterwords.

That being said, I would absolutely recommend any of the artisans I listed above. They all range from good to great in performance.",positive
Stirling,Stirling Soaps is SOLID,positive
Stirling,I too have sensitive skin. Stirling unscented with beeswax and a Nicet razor. 0 irritation for me. Great close shave. I have also used Lainess Honey (fragrance) 0 irritation. Really wonderful soap. They may make an unscented 👍,positive
Stirling,I don't have what you are looking for but if you ever get a chance try Stirling's Texas on fire and you smell the burning wood in your bathroom.,negative
Stirling,Stirling Lime or Stirling Coconut Lime,neutral
Stirling,"I know you asked for single scent, but Stirling Coconut Lime is insanely good - it's like wearing a Pina Colada.",positive
Stirling,"Mikes, Barrister and Mann, or Stirling Lime.",neutral
Stirling,"It's been a while since I've shaved with some Chiseled Face. I haven't personally used Old Town Barber, although I did give a tub of it to my father, and he loved it.

I personally really enjoyed their Bay Rum, but it apparently isn't super popular. 

The performance was solid. Pretty similar to Stirling.",positive
Stirling,"Stirling is great!  Definitely try other soaps, but circle back to it later to compare.  Lots of great suggestions in the thread.",positive
Stirling,Lately I’ve been switching between Stirling and milder scented soaps like Proraso and Cella.  Makes me appreciate the scents more.,positive
Stirling,"Great lather: Barrister and Mann is the GOAT.

Scents: I'll give some various recs
1. Variety and value, Stirling all day every 
2. Most unique, Southern Witchcrafts
3. Non- dupes that smell the best: House of Mammoth",positive
Stirling,"Westman Shaving (the tallow based formula that was sold before the Nirvana base).


 NOTE: I also tried:
- a tube of Proraso cream;
- Arko;
- a. Phoenix Artisan Accoutrements;
- b. Stirling;
- c. Muhle hard soap.


Not so much tried:
- d. Zingari man (tallow base);
- GBS hard puck;
- e. Shannon's soaps.


Even a-e are great soaps.",positive
Stirling,"I love all three. 

BM is definitely one of my top performing soaps. 

Stirling is a close second. When you dial it in, at least for me, it performs all par with soaps that are easily twice the price. Their extensive scent offerings are absolutely unmatched in the wetshaving world and if you like a scent… you can buy a matching balm, bar soap, conditioner, candle, etc. It’s Incredible. 

Proraso is meh but I absolutely love the aftershave scents",positive
Stirling,"Barrister and Mann are one of the best. Even their packaging, containers, labels, and bottles are top notch. Very high quality stuff. My only complaint if I had one would be that I wish their scents we're a little stronger and longer lasting. PAA specializes in that. And A&E used to. Wholly Kaw is also very good. And I like Stirling. They give you a great product for the price and they're very generous with the amount of soap they give you. And they have some very nice scents.",positive
Stirling,"Thanks for the review. 
I have used all 3 and am mostly in agreement with your assessment. 

I think both Stirling and B&M are miles ahead of Proraso (normal considering the price). 

I think B&M is slightly superior to Stirling in terms of base but Stirling is still very high quality and quite a bit more affordable.

Note: The slickest and most protective Proraso is the red one with the shea butter formula. It performs quite a bit better than the green, that being said it’s nowhere near B&M",positive
Stirling,"I have used proraso and stirling and cremo, so far I like stirling the best, proraso is a close 2nd, and cremo is third.  However, Stirling only costs about $11.25 for a refill (plus $5 shipping).  Barrister and Mann looks like its $25 from their website directly (not sure if they charge for shipping), or $27 from amazon.  I like this hobby, but $25 for 4 oz of soap seems too much.",positive
Stirling,"Lately I’ve been cycling between the B&M Unscented and Stirling Unscented with Beeswax. B&M has a slight edge on lather but smells like raw soap where the Beeswax in the Stirling adds a nice little something to the scent. 

I wash with a Laroche soap but find their moisturizers a little thick and hard for my skin to take so I’ve been trying a Korean brand called Soon Jung, it’s more milky and easy absorbing.",positive
Stirling,"Barrister & Mann, Noble Otter, and Ariana & Evans are my favorites when I account for both great scents and good soap bases.

Stirling is a starting point though. They have good prices and a scent for everyone. 

I’ve been in this hobby for 5 years and I have yet to really find a well established artisan soap company that completely bombs with their product. I find most of them have some quality to offer. Try samples from Maggard Razors of different scents/brands, and see what you like.",positive
Stirling,"Stirling samples, they were cheaper way of trying out alot of scents and oh boy they last a long time..I have atleast 20-25 shaves on one sample and it would last atleast 15-20 more 3 pass shaves and with my stock I don't need to buy another soap for atleast another year or maybe more.",neutral
Stirling,"Try the Proraso red. I just used executive man by Stirling this morning for the first time, really enjoyed that. I also own Taylor Of Bond Street Royal Forest, smells incredible.",positive
Stirling,Ariana and Evans barrister and mann Stirling are 3 brands that are great.,positive
Stirling,I like complex scent heavy soaps and my personal favorite is Ariana & Evans.  They also have creams and just started making tallow based cream in a tube.  Stirling is great too and sells sample pucks (as mentioned earlier in this thread).  You can pick up a few samples and tins to store them in for a few bucks.  Hell you can even get a bag of decent coffee while you’re on their site.,positive
Stirling,I’m a big fan of Stirling Soap company.  Lots of great scents and they do offer sample bundles to find a scent you enjoy.,positive
Stirling,"Tabac and Stirling are my favorites! Right now I got 10 pucks from Stirling and accompanying splashes. There's probably better soaps out there, but I love the performance and scents of Tabac and Stirling!",positive
Stirling,"I love the Proraso white soap and pre- and post shave products. But I've also really liked 3 Stirling unscented samples (Unscented with Beeswax, Sheep, and Naked and Smooth). These work very well for me.",positive
Stirling,Stirling unscented does wonders!,neutral
Stirling,"Haslinger sheep, Dec grooming unscented, Stirling naked and smooth, stirling barbershop,",neutral
Stirling,"Nivea men sensitive, in the tube you can find it on amazon is perfect. That or Proraso. I also recommend Mike's Natural unscented or Stirling unscented with beeswax. The tallow in those soaps will be excellent for his skin. Please let me know if you need links (like if you can't find these via google).",positive
Stirling,"Check out Stirling soaps, good bang for the buck and real good soaps. Also check out PAA's CK6 shave soaps, which is noted for great performance.",positive
Stirling,"Regarding tallow soaps, these brands make a wonderfully performing formula and are able to work really well making quality fragrances:


- Ariana & Evans,
- Zingari Man,
- Westman Shaving,
- Phoenix Artisan Accoutrements.


Even these brands make similar formulas in terms of performances but I did not try enough of their soaps to express an opinion about their skills when dealing with fragrances:


- Barrister & Mann,
- Noble Otter.


Some of those brands make also vegetal formulated soap bases.


Does it make sense that I suggest you the scents that I liked more? It's something extremely subjective...


If you think that your father likes talc barbershop fragrance, some of those brands make that kind of fragrance, for example Seville by Barrister &M., C.a.D. by PAA, etc.


If your father in law likes lime smell, Zingari Man Socialité seemed to me a nice made fragrance.


A nice smelling soap, if one likes rose-oud dominated perfumes, is also Alma by Westman Shaving.


And finally, you can consider also Stirling Soaps. They aren't always so high quality in terms of fragrances but some of their soaps have good ones. They make a lot of different smelling soaps and many of them are inspired by famous Eau de Toilette so you can consider to buy a Stirling inspired by a perfume that he likes.


Of course these are just my 2 cents on this topic, *His Mileage May Vary*. :)",positive
Stirling,"Stirling Sheep, mutton tallow. It does have a citronella citrus smell like old Dove bath soap. Purchase the refill puck option, affordable priced and just put it into your mug of choice.

Arko shaving stick soap. Tallow based, again citronella smell. Cut up the stick and mash it into your mug of choice. The cheapest priced.

Mike’s Natural Soap, shaving soap. Another tallow based. Purchase just the unscented refill puck. Pretty good price too. The only downside is it is a small artisan made and current availability might be problematic.

Other options are Mitchell’s Wool Fat shaving soap. Vegan based. Has a slight bar soap smell. If you can find affordably, currently. The company is closing. Another option is Kent Shaving Soap, refill puck. Tallow based and slightly priced shave soap. Both are from England.",positive
Stirling,Stirling [Unscented With Beeswax](https://www.stirlingsoap.com/collections/all/products/unscented-with-beeswax-shave-soap). Most unscented soap I've come across.,neutral
Stirling,"Cheapest/best value: Arko. Not entirely unscented since it has what is often described as a citronella scent. But for under $5, it is the best deal in wetshaving as far as cost to performance. 

“Soap smelling” soap: Haslinger Sensitive. Relatively inexpensive, plenty slick and has a clean, soapy scent. 

Unscented: Mike’s Natural Soaps. Lots of people suggest Stirling, but to be honest I find Mike’s both slicker and easier to lather.",positive
Stirling,"Fendrihan's unscented is my best suggestion, or maybe one of Stirling's unscented, although some of those will have scent from the tallow.

Depends on how cheap you want to go. You can get cheaper but I'm not aware of any unscented shaving soap that's cheaper.",positive
Stirling,"Stirling Soap Company has three unscented soaps that I really like due to my extremely sensitive skin:

Unscented with Beeswax
Naked and Smooth
Sheep

So far Sheep is my favorite. But I shave my legs like once a month so I’ll have these three for awhile.",positive
Stirling,"Honestly? Feels like a totally apt rating outcome. I started wet shaving 5 years ago and by this point have acquired more soaps and aftershaves than I'd care to admit. In terms of unscientific studies, I'd pretty much agree with you; there could be an argument for Stirling to hit at B instead of B-, but that is splitting hairs. I've never understood the love for Cella around her apart from the fact it's a few dollars cheaper per soap.

Now a hundred+ soaps deep, my recommendation is always find a soap brand that lathers well for your water and face, then start to explore fragrances. Most labels produce very similar scents, and most soaps themselves don't have day-long staying power, so the aftershave is where the scent will carry through the application.",positive
Stirling,"I used to use most of these, then I tried Sudsy Soapery about 5 years ago. Now I own none of these except for a tub of Stirling MITA",neutral
Stirling,"My all time favourite is Cool from Barrister and Mann which is discontinued but the scent was purchased by Stirling. They have just announced they are making the Cool Blue scent based on the one from BM but as of now it is not in stock with any UK distributors. The scent is (as confirmed by Will at Barrister&Mann himself) the ""Blue"" barbershop classic scent as it was introduced by Floid Blue which has also been discontinued for some time and which I never smelled. I am only hoping that it is not going to be just a seasonal soap in the Stirling line up but as soon as it will be available in the UK I am buying the shaving soap, the soap bar, the shower gel and the aftershave.",positive
Stirling,you made me want to try barrister and mann and house of mammoth now... pretty happy with noble otters scents and stirling does wonders for my skin,positive
Stirling,"Some of these are on my own personal list for sure like B&M and House of Mammoth.

Though I’m 100% unsure if you can simply put the best performing soap down to one brand/soap so easily. 

I myself am looking for a step up from Stirling soaps in performance. Nice as they are and, I’m a fan of their scents for the most part, it’s tough to pinpoint what is out right the best soap full stop.",positive
Stirling,"My current experience would be that way: Officina Artigiana Sapone da barba > Declaration Grooming = MacDuff = HOM = A&E > B+M > Stirling = Moon > The Goodfellas Smile = Cella = Mühle > Proraso > TOBS

Mind, differences are often negligible but Officina Artigiana works just best for me. Down to Mühle I like them all. Proraso is perfectly okay but the others are just more enjoyable. Green is refreshing but Stirling Margaritas in the Arctic even more so and it's not as drying. 

Differences could be due to my lathering technique (or lack thereof). On the other hand this might be an indicator for ease of lathering... 

As always YMMV.",positive
Stirling,Stirling Electric Sheep!,neutral
Stirling,"tabac, stirling, arko, speick..

performance wise i could easily get by using arko for the rest of my life..  i mention this because of its low pricepoint -it's a very good performer",positive
Stirling,"Arko. Never have a bad shave with it. I use toner and balm, so I can't even really comment on the post shave feel. Also I shave at night before bed, so scent is also not something I care about.


Unpopular opinion: I like the performance of Stirling soaps a lot too, but it's not enough of a step up from Arko to justify the price. I know a lot of people here love the Stirling scents, but to me the majority of them might as well be called 'Middle Aged Man' (which I am, to be fair), or 'Granny's Handbag'. But again, scent is not a consideration for me in a shave soap anyway.",positive
Stirling,"For me, it’s believe it or not Proraso white, and anything from Grooming Dept. Stirling is almost always great too, especially the sheep fat bases. Seaforth is also fantastic IMHO.",positive
Stirling,Samples at Stirling are a great way to try scents. Maggards and The Razor Company have samples as well.,positive
Stirling,"It is clove forward, which some people don't care for, but a $5 sample is a great way to try it out. B&M makes a great Bay rum as well, but I don't believe they sell samples.

I also like Stirling orange chill. I'd really like to try Stirling Satsuma since it's supposed to be orange with Asian spice notes. Lots out there for sure. Only way to really tell is if you pick a few up and try them out.",positive
Stirling,"Some of my favorite Stirling Scents- Stirling Green (Polo Green dupe), Deton-8 (Viktor & Rolf Spice Bomb Dupe), Island Man for summer months, Haverford (Tom Ford Tobacco Vanille dupe), Ozark Mountain (kind of a fresh pine scent), Vanilla Sandalwood, Barbershop, Stirling Spice (Original Old Spice homage), and Executive Man (Creed Aventus dupe).And just to be fair- I hated Coniferous, Texas on Fire, and Creamy Coconut. Coniferous and Texas on Fire both had really strong smoky scents- think if you stuck your head in a wood burning stove.Boat Drinks was ok but smelled like fruity bubblegum to me. Not a favorite. Best thing you can do is order some samples. They do sample pucks for $4 each I think.",positive
Stirling,"Take a look I just posted basically the same exact thing yesterday. Ended up getting 
Stirling Mountain man
Stirling Sandpiper (YSL clone)
Noble otter orbit 
Mühre wood",positive
Stirling,I just got my first Stirling Soap and Sharp Dressed Man smells amazing,positive
Stirling,"I don't see Campania by Stirling being mentioned nearly enough. I don't have the shave soap yet cuz I'm trying to get through the backlog, but it's become my go to bath soap and daily fragrance. It's beautiful.",positive
Stirling,"Regarding Stirling, Island Man is probably my favorite. Then Barbershop & Haverford.  I had a sample of Sharp Dressed Man a year ago & really liked it.

I’d love to try either Mountain man or Ozark. Not sure how similar they are.",positive
Stirling,"I’m kinda new to DE too and I’ve been trying soaps and blades with a couple of razors. I know Proraso green pretty well and I’m not going back to it again, artisan soaps are on another level 

Stirling is very good but not in my highest tier. I tried Varen and hated the scent btw

Martin de Candre Rose is the best I tried so far.
Saponificio Varesino and Ariana & Evans are close. And I need to give another try to that Castle Forbes sample too",positive
Stirling,"Scot’s Pine Sheep from Stirling. 

Great pine scent and it uses Stirling’s mutton tallow base.",positive
Stirling,Stirling Coniferous. Honestly smells like a fresh slice of a pine tree,positive
Stirling,"Saponificio Bignoli Aghi di Pino

A deeper pine scent that Coniferous I think, although I can't compare it to Scots Pine Sheep. Bignoli feels like a higher quality product overall and it doesn't dry my skin like the Stirling scents I have tried.",positive
Stirling,"Dunno what Pine smells like but my first thoughts were Stirlings Scot’s Pine Sheep soap. The sheep base has gotten some love on this sub for being ultra slick and protective. 

Never used it before but worth a shot at least in samples? 

Far as I know Stirling makes great scented soaps. Hardly ever see a complaint or bad word about them.",positive
Stirling,"Though I've not used it, I'd recommend Stirling Scots Pine Sheep solely for the reason that it uses a mutton tallow base that is superb.",positive
Stirling,"I wouldn’t get Merkur because of his thickness. Rockwell is a good choice as he can choose which plate performs best for him. I have pre shave Proraso and I find it help extra with shaving, sometimes my face is dry but nor every time as I have hard water. Stirling is the soap I use plus Stirling balm which I like over Nivea.",positive
Stirling,"With its choice of six base plates the Rockwell 6c is a solid choice. He can figure out which baseplate to use quickly enough.   
don’t overthink soaps or creams, if he’s okay with menthol then Proraso is  a good choice for a beginner. If he doesn’t like menthol the Proraso sandlewood might be better. personally I like Stirling. Stirling also sells a line of synthetic brushes that are quite good. I’d start with synthetic over badger for now. Look for one that’s 22 -24 mm in size. I. Stirling also sells balms, aftershave etc to match the soap you choose.",positive
Stirling,"This would be a lot easier if you mentioned your location. Because if you're in the US, you can really do this on easy mode: just get a starter kit from Maggard Razors or Stirling. A Maggard Standard head with whichever handle you think he'd like/any of the ones from Stirling, a synthetic shaving brush, the biggest blade sampler you can afford, and a Stirling, Maggards or B&M soap and aftershave/balm -- just pick a scent you think he'd like!

If washing the face thoroughly and using a good soap, most people do not need a preshave, so don't worry about it yet. Regarding splash or balm, what does he use so far and how does he like it? Especially if he has dry or sensitive skin, a balm might be better. If he prefers something light, then go for a splash -- but for sensitive skin, alcohol-free is best, as it's less drying and doesn't burn.

Edit: Just saw you're planning to get a Muhle brush. They're overpriced, don't bother. If you really want a badger, there's surely cheaper good ones out there. But for now, a cheap synthetic will do everything just as well. They're very soft on the face, need no soaking, easy to work with as they require no break-in and don't eat lather, and dry very quickly. So might as well save some money there and spend it on a better soap instead!",positive
Stirling,"Insted of the Merkur or the 6c get him a full-stainless RazorRock GameChanger [.76](https://www.italianbarber.com/products/razorock-game-changer-76-p-double-edge-razor) that will last him a lifetime.
If he decides he wants to got more aggressive or mild he can still buy another base plate.

Usually I recommend to start with a cheap razor like the Lord L5 or L6 - but since it's a gift get him the fancy one now.

For brushes I recomment a pre-bleached [Zenith boar](https://www.ebay.com/sch/i.html?_dkr=1&iconV2Request=true&_blrs=recall_filtering&_ssn=thegentleshave&store_cat=0&store_name=thegentleshave&_oac=1&_nkw=zenith+boar&_sop=15) brush from Palermo, Sicily. 

For pre-shave get him some shaving soap like [Stirling](https://www.stirlingsoap.com/), Cella, Proraso, Arko or simply some Palmolive shaving cream in the tube.

Stirling also sells alcohol based after shave lotions, but any classic like Pinaud Clubman, Old Spice, Aqua Velva, Mennen SkinBracer, Stetson is a great option - either way he'll smell fabulous.
He can combine them with any moisturizer that fits hs skin type or skip it if he has oily skin. 
Optionally get him some Nivea After Shave Balm - he has to find out what works best for himself.",positive
Stirling,"I'm green, but I got my second razor as a Henson. The first was some no name that was given to me for free. The blade sit uneven in it so it would clog one side and the other side would be exposed more. Henson bends the blade to a very friendly angle ans I've had no issues with clogging.

The names you used in the OP are very common here though, I see them quite a bit of the time. 

For the soaps, people here really like Stirling which you can buy sample sizes depending on where you are I'm sure someone else will be able to get you a good price or selection. I recently saw a post talking about proraso as a great entry level product because the usability and cost. I myself use it I've got a soap, cream and aftershave balm. Personally I like the cream better and I enjoy Sandalwood so the red was an easy choice but its allegedly for course beards.

What I plan to do is try another Sandalwood soap or cream and then try some Stirling samples. 

Oh and I should mention I shave every other day so not as much as your bf, but the cream has lasted me a month and I'm through about a quarter of the tube. I'm guessing he would go through a tube in a couple months of straight use. Just to give maybe a rough guide on how long that'll probably last",positive
Stirling,"This is a hard question to reply... you should be more specific but I try to give my 2 cents.


As you can read quite often on this Reddit sub, artisanal tallow CROAPs are generally all very good.


Your razor skills, your technique (and of course your skin conditions) are the most important factor. A 2 US$ Palmolive shaving cream, a 1 € Arko stick (if bought in Turkey), a 3.3 € Proraso soap (if bought in Italy) are all good enough to get great comfortable shaves.


A 14.8 US$ Stirling (5.7 oz!!) is one of the most affordable artisanal CROAPs and its mechanical properties probably reach the 93% of those of the ""best"" artisanal CROAPs on the market. It's a **very** good fomula.


Everyone has his/her personal preferences, almost nobody knows well the 60% or more of the most sold artisanal CROAP formulas (there are too many of them and the average shaving frequency of us seems to be every 2 or more days).


I tried more or less 7 different artisanal formulas and I would say that the products I appreciated more were made by Westman Shaving, Ariana & Evans (K2E formula), Barrister & Mann. As I said, I get great shavings by ALL the artisanal soaps I tried since they are WAY more than enough to get wonderful shavings if you already developed good skills. None of them was performing badly.


I tried just a couple of artisanal vegetal formulas (PAA CK-6 seems to me close to tallow formulas in terms of performances) and almost no hard soaps.",positive
Stirling,"This is great! Thanks so much for this detailed analysis. I use Stirling because of price point and fragrance, but I have to admit I have difficulty getting a good lather.  From your pictures, I can only conclude I need more work on my technique.

Do you think Barrister and Mann is worth the extra money? Where do you think Tabac fits in with your ratings?",positive
Stirling,"Depends. Are you unsatisfied with some of the things or no? Otherwise, buy some Chinese razor __heads__ to put on your razor handle and save lots of money that way. You'll still get the same quality; it's simply wholesale of what tons of brands pay for and recoat or paint or brand with their logo. Try aliexpress first. Try an open comb if it grows so fast. It's what it sound like. You'll want a little more gentleness but it will swim much easier and align hair, and eat more material. Some people would say they do actually get closer shaves from open. As for other stuff, are you just in the mood to experience items or, do you have some particular things to solve? 

I suppose for you, without knowing yet, I would recommend barrister and mann soap (their samples are quite cheap so do that) because it has a massive capacity for water, and it's designed for extremely hydrated __but still dense__ lather.which is an underappreciated goal these days. 

Stirling for its very impressive and unique formula that takes a ton of different ingredients usually used as a singular crux to sell a soap; combining them together as a super wet, hydrating, yet extremely fatty soap. You can do whatever you want with Stirling. You can make lazy suds and they'll work well; you can get those same suds to reconstitute amazingly if you do a wet load and then face lather without adding extra water; there's so much fat and such in their wonderful formula that it pulls together again and becomes really dense. And, of course, if you want to just make a proper dense lather, nobody talks about how dense Stirling also is. It's wonderful. Extremely slick but still quite fairly protective. It's also cheap and has maybe the most variety of anyone. And you can't mess up a Stirling lather, almost similar to using cream.

And Mitchell's wool fat. Makes your skin really soft (stirlings great for that too) and it's a wool fat hard puck soap, so you can lather it even with hose water. Buy the puck itself instead of with the container. Much less money. 

Try Stirling preshave oil. It's cheap and also a huge cocktail of different ingredients that are amazing over time. You can do a lot with this. If you get some I will let you know more about it. Stirling has some really cheap sample bundles where you pick what you want.",positive
Stirling,"What are people's thoughts on CeraVe AM Facial Moisturizing Lotion SPF 30? I've been needing to up my non-postshave regiment (currently use alum then Stirling unscented glacial balm after shaving, and occasionally moisturizing on non-shave days) and have had good luck with other CeraVe products.",positive
Stirling,"The Stirling Naked & Smooth soap is quite good.   
The Speick shaving cream is very good.

Some people love the Nivea Men's Liquid Sensitive Calm Shaving Cream (in the green bottle with pump).

Some people shave with the CeraVe hydrating facial cleanser (least irritating option of all).",positive
Tabac,"B&M, Declaration Grooming, Seaforth!, Tabac, Saponifico Varesino, and A&E Legacy are all slicker than anything else I’ve tried and I’ve tried pretty much all the big names you see on here",positive
Tabac,"I find Tabac to be the easiest to get a great slick lather with, but with a little more patience dialing in the water Barrister and Mann takes the cake",positive
Tabac,"All the tallow soaps I use, ...from the cheapest Arko to Goodfellas, Razorock, Summer Break, Chicago Grooming, Strike Gold Shave, Oaken, First Line Shave, Stirling, Hags, Yaqi, Chiseled face, Murphy & McNeil, Moon, MacDuffs, Nordic, Alien shave, Elysian, Mammoth, Gentleman's Nod, Declaration Grooming, Barrister and Mann, Wholly Kaw, Ariana & Evans, WestMan, Zingari, Noble Otter, Fine,..to triple milled tallow soaps like Arko, Captain Fawcet, old version of Böker and Tabac soaps, D.R.  Harris, Hans Baier...they are all equally excellent in terms of quality, the difference is in the preparation of the lather, some require less or more water, some saturate the shaving brush more slowly and some more quickly, some prefer a synthetic shaving brush, and some do better with a boar brush....If you don't skimp on soaps and know what you are doing, they are all excellent...I classify them as mass market shaving creams whether in a tube or tub, vegan artisan and tallow-tallow artisan which are my favorite- slickiest, the best quality.",positive
Tabac,"Agree with most of the above. I found the body shops shaving cream to be good. 

The drying effects of soaps may be different for different skin types. I found tabac to be drying but not others that are mentioned.

I got a variety of soap testers from Maggards and these will last me a while. All the ones I have used so far have been good. Caties Bubbles was a massive sample and will last a while. Great soap.

Wilkinson Sword used to be a good soap but I haven't bought it recently. Watched a shaving video that used it and it still looks good.

Erasmic was also good last time I bought it and a very pleasant smell.",positive
Tabac,"Honestly, I've tried all the big brands. Everything from macduffs, Declaration Grooming, b&m, stirling, chiseled face... it's gonna be hard to beat barbasol 1919. Slick like an eel in an oil slick, also not too drying, and easy to use. It's an underrated gem when it comes to drugstore shave cream for sure.


I think the only soap that ever came close was saponificio varesino. It's great stuff, lasts a long time due to it being a triple milled puck. It's slightly drying compared to 1919, though. Try the dolomiti scent. If you like barrister and man waves, or Gillette cool rush you know what to expect. Pretty masculine.


Tabac, proraso, arko, cella... all that's gonna be drying. Alot of soaps and creams are like that so it's usually best to get a hydrating aftershave balm, especially if you really want to keep trying new stuff. Zingari man unscented is the best one I tried. But stirling soaps makes a good unscented balm you can't go wrong with. 


That's if you need an aftershave solution. I understand not everyone wants to use aftershave. Face moisturizer works just fine.",positive
Tabac,"Noble otter is the best I’ve tried. They have excellent soap as a base and they have incredible scents. I’ve tried Italian summer, hamami and lone star. 

I also have barrister and Mann Seville which is a one of a kind scent and similarly great soap formula. 

I concur with your take on the arko: subtle scent is fine but that’s not much protection. I have tabac and I’m using it this morning. It’s ok. I consider that scent to be old timey like the 70’s. 

I disagree a bit on the proraso. I consider that to be the standard. Really good protection and scents. Some are a bit better maybe but if it’s at least as good as proraso then it’s good enough for anyone!",positive
Tabac,"US artisans are hard to acquire and overpriced where I live so I can only comment on Stirling which I've tried, but I consider you guys lucky over there with easy access to all this. Stirling produces a copious amount of lather even with only 10 seconds of loading with a synthetic brush. I couldn't praise the performance of it enough, compared to stuff like Proraso or even Tabac.",positive
Tabac,Arko and Tabac- well worth the coin,positive
Tabac,"I agree with you. Tabac always seems to make great lather regardless of the type of even amount of water used. I could easily use it as my only soap - I've considered whether to just by aftershaves in different scents, since the soap scent does not last (to my nose). I do have quite a lot of soaps, but I have slowed down considerably in purchasing. I can see the donut hole at the bottom of my Tabac jar, but it will last months longer.",positive
Tabac,"That is a nice setup, shave. I have not shaved yet and Tabac for a Tuesday does sound like a good idea.",positive
Tabac,I’ve been eyeing my Tabac for a while now along with Cella. I think they are both on deck for upcoming shaves.,neutral
Tabac,"Tabac smells gross. Like my grandma's 70's Hairspray, unfortunately.

Palmolive is the best bang for the buck I've found.",positive
Tabac,Cella and Arko both are still tallow based (Tabac isn’t) and provide better bang for buck than vegetarian Tabac (twice as expensive).,positive
Tabac,"Tabac make face feel burny.

No like Tabac.",positive
Tabac,Wish someone would make an aftermarket wooden lid for the Tabac glass jars.  Hate the clinking the cheap plastic makes on the glass.,negative
Tabac,Lea stick. Tabac stick. Spiek stick. La Toja stick well if they still make it. D R Harris stick. Muhle stick. Arko.,positive
Tabac,"Always will be Tabac for soap.  
Favorite cream. TOBS Avocado.",positive
Tabac,"Tabac. I’ve tried plenty of others, but keep coming back to it. It’s no-nonsense, performs beautifully and there’s just something wonderfully nostalgic and old school about the scent.",positive
Tabac,"Tabac and Stirling are my favorites! Right now I got 10 pucks from Stirling and accompanying splashes. There's probably better soaps out there, but I love the performance and scents of Tabac and Stirling!",positive
Tabac,"Tabac. 

Great performance, great scent, reasonably priced, lasts forever.",positive
Tabac,"Tabac in the milk glass jar/pot. Super easy to produce an excellent lather and will last a long, long time.",positive
Tabac,"Being a vintage human myself, I'd suggest a vintage soap

The soaps from D.R. Harris, Taylor of Old Bond Street are great Tabac & Cella are both classics.  

All easy to lather, slick, protective, and smell great, though the Tabac may be a bit ""loud"" for some IMO.",positive
Tabac,"So which soap did you end up buying? I was thinking of recommending Tabac in a glass jar, a timeless classic, an old school scent, but if that scent doesn't suit him, he has more choices at Martin de Candre, Saponificio Varesino...all are vegan, proven classics",neutral
Tabac,"Tabac, original formula.  There's a new version out that I haven't tried.  I've tried a lot of shave soaps and this one is the best I've used.",positive
Tabac,"Tabac is a great one, so is Martin de Candre. Martin comes in a 7.05 oz. jar and costs over $50. It lasts about a year, shaving every day. The original scent is great and lather starts within a couple seconds of a wet brush touching it. Tabac is great and I love the scent.",positive
Tabac,"Awesome content here. Saves me quite some money and time as samples are hard to get in europe and I honestly dont care that much about the scent as long as it doesnt anoy me (looking at you, tabac). Now we only need the same for aftershave splashes and balms (again focus on the functional side and less about the scent)",positive
Tabac,"I've tried a lot of shave soaps and Tabac (original) is my favorite.  As for brushes, I prefer Yaqi.",positive
Tabac,"Tabac Original, Taylor of Old Bond Street (hard puck), and Mitchell’s Wool Fat",positive
Tabac,"tabac, stirling, arko, speick..

performance wise i could easily get by using arko for the rest of my life..  i mention this because of its low pricepoint -it's a very good performer",positive
Tabac,Arko/Tabac are similar to me from the drug store group of products. Declaration Grooming and Ariana & Evans are tied if we're talking about artisan.,neutral
Tabac,"This is great! Thanks so much for this detailed analysis. I use Stirling because of price point and fragrance, but I have to admit I have difficulty getting a good lather.  From your pictures, I can only conclude I need more work on my technique.

Do you think Barrister and Mann is worth the extra money? Where do you think Tabac fits in with your ratings?",positive
Tabac,"I have sensitive skin and nick up pretty easily. I've tried several soaps. The keepers for me so far are Tabac, Cella and Arko. I like all three but Tabac is probably the slickest, thus minimizing friction and cuts.",positive
Tabac,Tabac ❤️ Have my humble upvote,neutral
Tabac,Tabac is excellent. I don't think I've ever had a bad shave with it.,positive
المنتج (Brand),التعليق,التقييم
